TEAM_ID,MISSION_TIME,PACKET_COUNT,MODE,STATE,ALTITUDE,AIR_SPEED,HS_DEPLOYED,PC_DEPLOYED,TEMPERATURE,VOLTAGE,PRESSURE,GPS_TIME,GPS_ALTITUDE,GPS_LATITUDE,GPS_LONGITUDE,GPS_SATS,TILT_X,TILT_Y,ROT_Z,LAST_CMD
2043,1419,216,F,LAUNCH_WAIT,234.63,10.21,N,N,33.55,4.99,985.38,1419,5.4,23.801393,90.437256,4,31,-12,0,CX/ON
2043,1420,217,F,LAUNCH_WAIT,233.77,10.21,N,N,33.56,4.99,985.48,1420,4.64,23.792874,90.444079,4,31,-12,1,CX/ON
2043,1421,218,F,LAUNCH_WAIT,232.86,10.21,N,N,33.56,4.99,985.59,1421,5.07,23.797198,90.448968,5,31,-11,0,CX/ON
2043,1422,219,F,LAUNCH_WAIT,231.97,10.21,N,N,33.56,4.99,985.7,1422,5.02,23.812592,90.45872,5,31,-12,0,CX/ON
2043,1423,220,F,LAUNCH_WAIT,231.07,10.21,N,N,33.56,4.99,985.8,1423,5.1,23.816592,90.43535,5,31,-11,1,CX/ON
2043,1424,221,F,LAUNCH_WAIT,230.19,10.21,N,N,33.56,4.99,985.91,1424,4.85,23.811257,90.443438,5,30,-12,1,CX/ON
2043,1425,222,F,LAUNCH_WAIT,229.26,10.21,N,N,33.57,4.99,986.02,1425,5.05,23.79259,90.446521,5,30,-11,0,CX/ON
2043,1426,223,F,LAUNCH_WAIT,228.28,10.21,N,N,33.57,4.99,986.13,1426,5.19,23.79875,90.454716,4,31,-11,0,CX/ON
2043,1427,224,F,LAUNCH_WAIT,227.37,10.21,N,N,33.57,4.99,986.24,1427,5.44,23.809831,90.443978,4,31,-12,1,CX/ON
2043,1428,225,F,LAUNCH_WAIT,226.4,10.21,N,N,33.57,4.99,986.35,1428,5.09,23.799017,90.448642,5,31,-11,1,CX/ON
2043,1429,226,F,LAUNCH_WAIT,225.52,10.21,N,N,33.57,4.99,986.45,1429,5.19,23.796958,90.449052,4,30,-11,0,CX/ON
2043,1430,227,F,LAUNCH_WAIT,224.54,10.21,N,N,33.57,4.99,986.57,1430,4.59,23.807728,90.434991,5,30,-11,0,CX/ON
2043,1431,228,F,LAUNCH_WAIT,223.6,10.21,N,N,33.58,4.99,986.68,1431,4.96,23.806851,90.454443,5,30,-11,0,CX/ON
2043,1433,230,F,LAUNCH_WAIT,221.75,10.21,N,N,33.58,4.99,986.9,1433,4.71,23.813204,90.44202,5,30,-11,0,CX/ON
2043,1434,231,F,LAUNCH_WAIT,223.44,10.21,N,N,33.58,4.99,986.7,1434,5.29,23.80476,90.43274,4,31,-11,1,CX/ON
2043,1435,232,F,LAUNCH_WAIT,228.08,10.21,N,N,33.58,4.99,986.15,1435,4.82,23.811105,90.444136,4,31,-11,1,CX/ON
2043,1436,233,F,LAUNCH_WAIT,234.78,10.21,N,N,33.59,4.99,985.37,1436,4.81,23.79753,90.431198,5,30,-11,0,CX/ON
2043,1437,234,F,LAUNCH_WAIT,242.89,10.21,N,N,33.59,4.99,984.41,1437,5.18,23.799382,90.452584,5,30,-11,1,CX/ON
2043,1438,235,F,LAUNCH_WAIT,251.93,10.21,N,N,33.59,4.99,983.35,1438,4.93,23.805154,90.441233,4,31,-11,0,CX/ON
2043,1439,236,F,LAUNCH_WAIT,261.64,10.21,N,N,33.59,4.99,982.22,1439,5.42,23.818387,90.448546,5,31,-11,0,CX/ON
2043,1440,237,F,LAUNCH_WAIT,271.66,10.21,N,N,33.59,4.99,981.04,1440,4.69,23.794286,90.442467,4,31,-11,0,CX/ON
2043,1441,238,F,LAUNCH_WAIT,281.86,10.21,N,N,33.6,4.99,979.85,1441,4.51,23.792495,90.455705,4,31,-12,0,CX/ON
2043,1442,239,F,LAUNCH_WAIT,292.06,10.21,N,N,33.6,4.99,978.66,1442,4.87,23.796057,90.442168,5,30,-11,1,CX/ON
2043,1443,240,F,LAUNCH_WAIT,302.45,10.21,N,N,33.6,4.99,977.45,1443,5.31,23.80532,90.441285,5,31,-12,1,CX/ON
2043,1444,241,F,LAUNCH_WAIT,312.77,10.21,N,N,33.6,4.99,976.24,1444,5.09,23.802456,90.442592,5,31,-11,0,CX/ON
2043,1445,242,F,LAUNCH_WAIT,322.93,10.21,N,N,33.6,4.99,975.06,1445,5.38,23.806585,90.452287,4,31,-12,0,CX/ON
2043,1446,243,F,LAUNCH_WAIT,332.96,10.21,N,N,33.6,4.99,973.89,1446,4.69,23.803676,90.458712,4,31,-11,0,CX/ON
2043,1447,244,F,LAUNCH_WAIT,342.79,10.21,N,N,33.61,4.99,972.75,1447,4.94,23.80236,90.445078,4,31,-12,1,CX/ON
2043,1448,245,F,LAUNCH_WAIT,352.09,10.21,N,N,33.61,4.99,971.67,1448,5.27,23.795355,90.432848,4,31,-11,1,CX/ON
2043,1449,246,F,LAUNCH_WAIT,361.01,10.21,N,N,33.61,4.99,970.63,1449,5.03,23.802487,90.456732,5,31,-11,1,CX/ON
2043,1450,247,F,LAUNCH_WAIT,369.24,10.21,N,N,33.61,4.99,969.68,1450,4.75,23.79301,90.434523,4,30,-11,1,CX/ON
2043,1451,248,F,LAUNCH_WAIT,376.25,10.21,N,N,33.61,4.99,968.87,1451,5.21,23.79206,90.445134,4,31,-11,0,CX/ON
2043,1452,249,F,LAUNCH_WAIT,381.38,10.21,N,N,33.61,4.99,968.27,1452,4.79,23.79711,90.457023,5,30,-12,1,CX/ON
2043,1453,250,F,LAUNCH_WAIT,385.32,10.21,N,N,33.62,4.99,967.82,1453,5.07,23.816902,90.447268,5,31,-11,1,CX/ON
2043,1454,251,F,LAUNCH_WAIT,388.8,10.21,N,N,33.62,4.99,967.41,1454,5.12,23.805567,90.448751,5,31,-11,0,CX/ON
2043,1455,252,F,LAUNCH_WAIT,391.68,10.21,N,N,33.62,4.99,967.08,1455,4.52,23.819147,90.4594,4,31,-11,0,CX/ON
2043,1456,253,F,LAUNCH_WAIT,393.8,10.21,N,N,33.62,4.99,966.84,1456,4.78,23.802957,90.45265,4,31,-12,1,CX/ON
2043,1457,254,F,LAUNCH_WAIT,395.48,10.21,N,N,33.62,4.99,966.64,1457,5.46,23.794686,90.458457,5,31,-11,0,CX/ON
2043,1458,255,F,LAUNCH_WAIT,397.33,10.21,N,N,33.62,4.99,966.43,1458,5.1,23.809009,90.441085,4,30,-12,1,CX/ON
2043,1459,256,F,LAUNCH_WAIT,399.45,10.21,N,N,33.62,4.99,966.18,1459,4.84,23.793587,90.431468,4,30,-12,0,CX/ON
2043,1460,257,F,LAUNCH_WAIT,401.87,10.21,N,N,33.63,4.99,965.9,1460,5.04,23.811009,90.435776,4,31,-12,1,CX/ON
2043,1461,258,F,LAUNCH_WAIT,404.32,10.21,N,N,33.63,4.99,965.62,1461,4.9,23.792019,90.44638,4,30,-12,1,CX/ON
2043,1462,259,F,LAUNCH_WAIT,406.74,10.21,N,N,33.63,4.99,965.34,1462,4.87,23.819398,90.443536,5,30,-11,0,CX/ON
2043,1463,260,F,LAUNCH_WAIT,409.24,10.21,N,N,33.63,4.99,965.05,1463,5.15,23.805133,90.452473,4,30,-12,0,CX/ON
2043,1464,261,F,LAUNCH_WAIT,411.75,10.21,N,N,33.63,4.99,964.76,1464,5.11,23.807567,90.456123,4,31,-12,1,CX/ON
2043,1465,262,F,LAUNCH_WAIT,414.4,10.21,N,N,33.64,4.99,964.46,1465,5.47,23.808491,90.456762,5,30,-12,1,CX/ON
2043,1466,263,F,LAUNCH_WAIT,417.21,10.21,N,N,33.64,4.99,964.13,1466,5.16,23.799571,90.458122,4,30,-12,0,CX/ON
2043,1467,264,F,LAUNCH_WAIT,420.18,10.21,N,N,33.64,4.99,963.79,1467,5.42,23.806284,90.446226,5,30,-13,-4,CX/ON
2043,1468,265,F,LAUNCH_WAIT,423.09,10.21,N,N,33.64,4.99,963.45,1468,5.07,23.80427,90.44285,5,28,-16,-4,CX/ON
2043,1469,266,F,LAUNCH_WAIT,423.66,10.21,N,N,33.64,4.99,963.39,1469,4.66,23.793689,90.446757,5,27,-16,1,CX/ON
2043,1470,267,F,LAUNCH_WAIT,422.67,10.21,N,N,33.64,4.99,963.5,1470,4.88,23.797627,90.439771,5,28,-16,0,CX/ON
2043,1471,268,F,LAUNCH_WAIT,420.94,10.21,N,N,33.64,4.99,963.7,1471,5.22,23.795312,90.447669,4,27,-16,1,CX/ON
2043,1472,269,F,LAUNCH_WAIT,418.66,10.21,N,N,33.64,4.99,963.96,1472,5.12,23.804874,90.459268,4,27,-16,1,CX/ON
2043,1473,270,F,LAUNCH_WAIT,415.92,10.21,N,N,33.65,4.99,964.28,1473,4.74,23.801061,90.441153,5,27,-16,1,CX/ON
2043,1474,271,F,LAUNCH_WAIT,413.06,10.21,N,N,33.65,4.99,964.61,1474,5.29,23.808347,90.455546,5,27,-16,0,CX/ON
2043,1475,272,F,LAUNCH_WAIT,410.06,10.21,N,N,33.65,4.99,964.96,1475,5.44,23.814967,90.44999,5,27,-16,0,CX/ON
2043,1476,273,F,LAUNCH_WAIT,406.95,10.21,N,N,33.65,4.99,965.32,1476,5.23,23.795543,90.446399,4,27,-16,1,CX/ON
2043,1477,274,F,LAUNCH_WAIT,403.87,10.21,N,N,33.65,4.99,965.67,1477,5.3,23.794344,90.443625,5,27,-16,0,CX/ON
2043,1478,275,F,LAUNCH_WAIT,400.86,10.21,N,N,33.66,4.99,966.02,1478,5.24,23.799305,90.431759,4,27,-17,1,CX/ON
2043,1479,276,F,LAUNCH_WAIT,397.95,10.21,N,N,33.66,4.99,966.36,1479,5.12,23.799515,90.439865,5,27,-16,0,CX/ON
2043,1480,277,F,LAUNCH_WAIT,395.16,10.21,N,N,33.66,4.99,966.68,1480,5.38,23.796332,90.454246,5,27,-16,1,CX/ON
2043,1481,278,F,LAUNCH_WAIT,394.1,10.21,N,N,33.66,4.99,966.8,1481,5.13,23.805525,90.43599,4,27,-16,1,CX/ON
2043,1482,279,F,LAUNCH_WAIT,395.48,10.21,N,N,33.66,4.99,966.64,1482,5.05,23.799215,90.458134,4,27,-16,1,CX/ON
2043,1483,280,F,LAUNCH_WAIT,398.46,10.21,N,N,33.66,4.99,966.3,1483,5.41,23.80532,90.435882,4,27,-16,0,CX/ON
2043,1484,281,F,LAUNCH_WAIT,402.69,10.21,N,N,33.66,4.99,965.81,1484,4.92,23.799429,90.442415,5,27,-16,0,CX/ON
2043,1485,282,F,LAUNCH_WAIT,407.51,10.21,N,N,33.67,4.99,965.25,1485,4.77,23.792707,90.441065,4,27,-16,0,CX/ON
2043,1486,283,F,LAUNCH_WAIT,412.69,10.21,N,N,33.67,4.99,964.65,1486,5.39,23.802209,90.446118,5,27,-17,1,CX/ON
2043,1487,284,F,LAUNCH_WAIT,418.02,10.21,N,N,33.67,4.99,964.04,1487,5.31,23.801623,90.451845,5,27,-17,0,CX/ON
2043,1488,285,F,LAUNCH_WAIT,423.31,10.21,N,N,33.67,4.99,963.43,1488,5.09,23.815617,90.447282,4,26,-17,0,CX/ON
2043,1489,286,F,LAUNCH_WAIT,428.47,10.21,N,N,33.67,4.99,962.83,1489,4.99,23.804795,90.451586,4,26,-17,1,CX/ON
2043,1490,287,F,LAUNCH_WAIT,433.65,10.21,N,N,33.67,4.99,962.24,1490,4.88,23.795328,90.442991,4,26,-17,0,CX/ON
2043,1491,288,F,LAUNCH_WAIT,438.51,10.21,N,N,33.67,4.99,961.68,1491,5.19,23.7931,90.452218,5,26,-18,1,CX/ON
2043,1492,289,F,LAUNCH_WAIT,443.24,10.21,N,N,33.68,4.99,961.13,1492,4.92,23.79148,90.438862,4,26,-18,0,CX/ON
2043,1493,290,F,LAUNCH_WAIT,447.68,10.21,N,N,33.68,4.99,960.62,1493,5.17,23.793413,90.441932,5,26,-18,0,CX/ON
2043,1494,291,F,LAUNCH_WAIT,451.88,10.21,N,N,33.68,4.99,960.14,1494,5.15,23.79841,90.434352,5,25,-18,0,CX/ON
2043,1495,292,F,LAUNCH_WAIT,455.75,10.21,N,N,33.68,4.99,959.69,1495,4.66,23.81392,90.437188,5,25,-19,0,CX/ON
2043,1496,293,F,LAUNCH_WAIT,459.27,10.21,N,N,33.68,4.99,959.29,1496,5.06,23.809171,90.441869,5,24,-19,-3,CX/ON
2043,1497,294,F,LAUNCH_WAIT,462.46,10.21,N,N,33.68,4.99,958.92,1497,4.94,23.80311,90.452261,4,24,-19,0,CX/ON
2043,1498,295,F,LAUNCH_WAIT,465.54,10.21,N,N,33.68,4.99,958.57,1498,4.63,23.808484,90.457692,5,24,-20,1,CX/ON
2043,1499,296,F,LAUNCH_WAIT,468.54,10.21,N,N,33.69,4.99,958.22,1499,4.54,23.794974,90.44893,5,24,-20,0,CX/ON
2043,1500,297,F,LAUNCH_WAIT,471.49,10.21,N,N,33.69,4.99,957.89,1500,4.7,23.802477,90.449265,5,23,-20,1,CX/ON
2043,1501,298,F,LAUNCH_WAIT,474.3,10.21,N,N,33.69,4.99,957.56,1501,4.65,23.819879,90.449138,4,23,-20,0,CX/ON
2043,1502,299,F,LAUNCH_WAIT,476.9,10.21,N,N,33.69,4.99,957.27,1502,5.22,23.811669,90.442605,4,23,-21,0,CX/ON
2043,1503,300,F,LAUNCH_WAIT,479.16,10.21,N,N,33.69,4.99,957.01,1503,5.03,23.80598,90.449385,4,22,-21,1,CX/ON
2043,1504,301,F,LAUNCH_WAIT,481.28,10.21,N,N,33.69,4.99,956.76,1504,5.03,23.79786,90.441584,4,22,-22,1,CX/ON
2043,1505,302,F,LAUNCH_WAIT,483.03,10.21,N,N,33.69,4.99,956.56,1505,5.46,23.815249,90.441075,5,22,-21,1,CX/ON
2043,1506,303,F,LAUNCH_WAIT,484.89,10.21,N,N,33.7,4.99,956.35,1506,4.6,23.809476,90.45503,4,22,-21,1,CX/ON
2043,1507,304,F,LAUNCH_WAIT,486.71,10.21,N,N,33.7,4.99,956.14,1507,5.09,23.804965,90.439919,5,22,-21,1,CX/ON
2043,1508,305,F,LAUNCH_WAIT,488.56,10.21,N,N,33.7,4.99,955.93,1508,4.55,23.79704,90.4424,4,22,-21,2,CX/ON
2043,1509,306,F,LAUNCH_WAIT,490.3,10.21,N,N,33.7,4.99,955.73,1509,5.26,23.804016,90.45602,5,22,-22,2,CX/ON
2043,1510,307,F,LAUNCH_WAIT,492.01,10.21,N,N,33.7,4.99,955.53,1510,5.26,23.809352,90.43487,5,22,-21,1,CX/ON
2043,1511,308,F,LAUNCH_WAIT,493.61,10.21,N,N,33.7,4.99,955.35,1511,4.6,23.8021,90.441044,5,22,-22,2,CX/ON
2043,1512,309,F,LAUNCH_WAIT,495.01,10.21,N,N,33.71,4.99,955.19,1512,4.97,23.812742,90.455043,5,22,-21,2,CX/ON
2043,1513,310,F,LAUNCH_WAIT,496.28,10.21,N,N,33.71,4.99,955.04,1513,4.76,23.799654,90.456728,5,22,-22,2,CX/ON
2043,1514,311,F,LAUNCH_WAIT,497.01,10.21,N,N,33.71,4.99,954.96,1514,5.49,23.79502,90.433141,4,25,-19,-4,CX/ON
2043,1515,312,F,LAUNCH_WAIT,494.56,10.21,N,N,33.71,4.99,955.24,1515,5.03,23.80991,90.453244,4,16,-25,-5,CX/ON
2043,1516,313,F,LAUNCH_WAIT,480.54,10.21,N,N,33.71,4.99,956.85,1516,4.77,23.803301,90.436649,4,13,-29,26,CX/ON
2043,1517,314,F,LAUNCH_WAIT,445.62,10.21,N,N,33.71,4.99,960.86,1517,5.11,23.803391,90.445482,5,23,-22,15,CX/ON
2043,1518,315,F,LAUNCH_WAIT,420.59,10.21,N,N,33.71,4.99,963.74,1518,4.53,23.797487,90.458078,5,23,-22,1,CX/ON
2043,1519,316,F,LAUNCH_WAIT,403.61,10.21,N,N,33.72,4.99,965.7,1519,5.36,23.808584,90.45411,4,24,-22,1,CX/ON
2043,1520,317,F,LAUNCH_WAIT,392.74,10.21,N,N,33.72,4.99,966.96,1520,5.5,23.808367,90.456814,4,23,-22,1,CX/ON
2043,1521,318,F,LAUNCH_WAIT,386.4,10.21,N,N,33.72,4.99,967.69,1521,5.08,23.801482,90.44157,5,24,-22,1,CX/ON
2043,1522,319,F,LAUNCH_WAIT,383.4,10.21,N,N,33.72,4.99,968.04,1522,5.07,23.798563,90.45832,5,23,-22,1,CX/ON
2043,1523,320,F,LAUNCH_WAIT,382.92,10.21,N,N,33.72,4.99,968.09,1523,5.02,23.815086,90.454369,5,23,-22,1,CX/ON
2043,1524,321,F,LAUNCH_WAIT,384.44,10.21,N,N,33.72,4.99,967.92,1524,5.29,23.79561,90.447503,4,23,-22,1,CX/ON
2043,1525,322,F,LAUNCH_WAIT,387.17,10.21,N,N,33.72,4.99,967.6,1525,5.46,23.79785,90.443737,5,23,-22,1,CX/ON
2043,1526,323,F,LAUNCH_WAIT,390.96,10.21,N,N,33.72,4.99,967.16,1526,4.81,23.806845,90.458796,4,23,-22,1,CX/ON
2043,1527,324,F,LAUNCH_WAIT,395.5,10.21,N,N,33.72,4.99,966.64,1527,5.19,23.80532,90.452058,5,24,-22,1,CX/ON
2043,1528,325,F,LAUNCH_WAIT,400.55,10.21,N,N,33.73,4.99,966.06,1528,4.97,23.797642,90.449903,4,23,-22,1,CX/ON
2043,1529,326,F,LAUNCH_WAIT,405.88,10.21,N,N,33.73,4.99,965.44,1529,5.17,23.79666,90.436562,4,23,-22,1,CX/ON
2043,1530,327,F,LAUNCH_WAIT,411.31,10.21,N,N,33.73,4.99,964.81,1530,5.45,23.819932,90.444558,5,23,-22,1,CX/ON
2043,1531,328,F,LAUNCH_WAIT,416.75,10.21,N,N,33.73,4.99,964.18,1531,5.02,23.804588,90.434529,4,23,-22,1,CX/ON
2043,1532,329,F,LAUNCH_WAIT,422.15,10.21,N,N,33.73,4.99,963.56,1532,4.62,23.805995,90.438624,4,23,-21,0,CX/ON
2043,1533,330,F,LAUNCH_WAIT,427.35,10.21,N,N,33.73,4.99,962.96,1533,5.25,23.811142,90.449984,5,23,-22,1,CX/ON
2043,1534,331,F,LAUNCH_WAIT,432.27,10.21,N,N,33.74,4.99,962.4,1534,4.67,23.817908,90.44699,5,23,-22,1,CX/ON
2043,1535,332,F,LAUNCH_WAIT,436.85,10.21,N,N,33.74,4.99,961.87,1535,5.19,23.808672,90.44877,4,23,-21,1,CX/ON
2043,1536,333,F,LAUNCH_WAIT,441.15,10.21,N,N,33.74,4.99,961.37,1536,4.97,23.815965,90.442632,4,22,-21,1,CX/ON
2043,1537,334,F,LAUNCH_WAIT,445.39,10.21,N,N,33.74,4.99,960.88,1537,4.89,23.808714,90.43355,4,23,-21,1,CX/ON
2043,1538,335,F,LAUNCH_WAIT,449.55,10.21,N,N,33.74,4.99,960.41,1538,4.53,23.819183,90.442594,4,22,-21,1,CX/ON
2043,1539,336,F,LAUNCH_WAIT,453.65,10.21,N,N,33.74,4.99,959.93,1539,4.78,23.804596,90.454132,5,22,-21,1,CX/ON
2043,1540,337,F,LAUNCH_WAIT,457.57,10.21,N,N,33.74,4.99,959.48,1540,4.92,23.795439,90.442088,5,22,-21,1,CX/ON
2043,1541,338,F,LAUNCH_WAIT,461.28,10.21,N,N,33.74,4.99,959.06,1541,5.18,23.805577,90.443381,5,22,-21,1,CX/ON
2043,1542,339,F,LAUNCH_WAIT,464.67,10.21,N,N,33.75,4.99,958.67,1542,4.76,23.807421,90.448343,5,22,-21,0,CX/ON
2043,1543,340,F,LAUNCH_WAIT,466.28,10.21,N,N,33.75,4.99,958.48,1543,4.82,23.801423,90.459583,4,22,-21,1,CX/ON
2043,1544,341,F,LAUNCH_WAIT,466.35,10.21,N,N,33.75,4.99,958.48,1544,4.97,23.816617,90.445342,5,22,-21,1,CX/ON
2043,1545,342,F,LAUNCH_WAIT,466.95,10.21,N,N,33.75,4.99,958.41,1545,4.78,23.81682,90.455372,5,22,-21,1,CX/ON
2043,1546,343,F,LAUNCH_WAIT,467.64,10.21,N,N,33.75,4.99,958.33,1546,5.13,23.816271,90.449312,4,22,-21,0,CX/ON
2043,1547,344,F,LAUNCH_WAIT,466.46,10.21,N,N,33.75,4.99,958.46,1547,5.43,23.807423,90.457089,5,21,-21,0,CX/ON
2043,1548,345,F,LAUNCH_WAIT,466.48,10.21,N,N,33.75,4.99,958.46,1548,4.95,23.793213,90.451876,4,21,-21,0,CX/ON
2043,1549,346,F,LAUNCH_WAIT,467.63,10.21,N,N,33.75,4.99,958.33,1549,4.81,23.803804,90.444722,4,21,-21,0,CX/ON
2043,1550,347,F,LAUNCH_WAIT,469.39,10.21,N,N,33.76,4.99,958.13,1550,5.16,23.791468,90.451079,5,22,-21,0,CX/ON
2043,1551,348,F,LAUNCH_WAIT,471.54,10.21,N,N,33.76,4.99,957.88,1551,4.65,23.795114,90.449374,4,21,-21,0,CX/ON
2043,1552,349,F,LAUNCH_WAIT,473.85,10.21,N,N,33.76,4.99,957.61,1552,5.24,23.806514,90.431862,5,21,-21,0,CX/ON
2043,1553,350,F,LAUNCH_WAIT,476.17,10.21,N,N,33.76,4.99,957.35,1553,4.54,23.793166,90.443903,4,20,-21,0,CX/ON
2043,1554,351,F,LAUNCH_WAIT,478.51,10.21,N,N,33.76,4.99,957.08,1554,5.26,23.79468,90.444724,4,21,-21,0,CX/ON
2043,1555,352,F,LAUNCH_WAIT,480.97,10.21,N,N,33.76,4.99,956.8,1555,4.86,23.81585,90.445967,5,21,-21,0,CX/ON
2043,1556,353,F,LAUNCH_WAIT,483.5,10.21,N,N,33.76,4.99,956.51,1556,4.78,23.795759,90.437845,5,21,-21,0,CX/ON
2043,1557,354,F,LAUNCH_WAIT,486.12,10.21,N,N,33.76,4.99,956.21,1557,5.24,23.804572,90.447318,5,20,-21,0,CX/ON
2043,1558,355,F,LAUNCH_WAIT,488.86,10.21,N,N,33.77,4.99,955.89,1558,5.31,23.79739,90.436264,4,20,-21,0,CX/ON
2043,1559,356,F,LAUNCH_WAIT,491.67,10.21,N,N,33.77,4.99,955.57,1559,5.27,23.79567,90.443402,5,20,-21,0,CX/ON
2043,1560,357,F,LAUNCH_WAIT,494.55,10.21,N,N,33.77,4.99,955.24,1560,5,23.81959,90.444506,5,20,-21,0,CX/ON
2043,1561,358,F,LAUNCH_WAIT,497.38,10.21,N,N,33.77,4.99,954.92,1561,5.38,23.819516,90.442902,5,20,-21,0,CX/ON
2043,1562,359,F,LAUNCH_WAIT,500.26,10.21,N,N,33.77,4.99,954.59,1562,5.5,23.804725,90.441729,4,20,-21,0,CX/ON
2043,1563,360,F,LAUNCH_WAIT,503.15,10.21,N,N,33.77,4.99,954.26,1563,5.09,23.801935,90.446521,4,20,-21,0,CX/ON
2043,1564,361,F,LAUNCH_WAIT,505.9,10.21,N,N,33.77,4.99,953.94,1564,5.21,23.796433,90.45332,4,20,-21,0,CX/ON
2043,1565,362,F,LAUNCH_WAIT,508.54,10.21,N,N,33.77,4.99,953.64,1565,5.06,23.79239,90.449806,4,19,-21,0,CX/ON
2043,1566,363,F,LAUNCH_WAIT,511,10.21,N,N,33.77,4.99,953.36,1566,4.69,23.79529,90.448639,4,19,-21,0,CX/ON
2043,1567,364,F,LAUNCH_WAIT,513.41,10.21,N,N,33.77,4.99,953.08,1567,4.64,23.796216,90.454281,5,19,-21,0,CX/ON
2043,1568,365,F,LAUNCH_WAIT,515.57,10.21,N,N,33.78,4.99,952.84,1568,5.41,23.814759,90.43578,4,19,-21,0,CX/ON
2043,1569,366,F,LAUNCH_WAIT,517.41,10.21,N,N,33.78,4.99,952.63,1569,4.9,23.817893,90.436625,4,18,-21,0,CX/ON
2043,1570,367,F,LAUNCH_WAIT,518.86,10.21,N,N,33.78,4.99,952.46,1570,4.76,23.819064,90.438369,4,18,-21,0,CX/ON
2043,1571,368,F,LAUNCH_WAIT,519.87,10.21,N,N,33.78,4.99,952.35,1571,5.43,23.797291,90.443313,5,18,-22,0,CX/ON
2043,1572,369,F,LAUNCH_WAIT,520.67,10.21,N,N,33.78,4.99,952.25,1572,4.82,23.806419,90.44591,4,18,-22,0,CX/ON
2043,1573,370,F,LAUNCH_WAIT,521.5,10.21,N,N,33.78,4.99,952.16,1573,5.48,23.795213,90.44633,5,17,-22,0,CX/ON
2043,1574,371,F,LAUNCH_WAIT,522.73,10.21,N,N,33.78,4.99,952.02,1574,5.4,23.811179,90.442281,4,17,-22,0,CX/ON
2043,1575,372,F,LAUNCH_WAIT,524.13,10.21,N,N,33.78,4.99,951.86,1575,5.11,23.804757,90.457594,4,18,-21,0,CX/ON
2043,1576,373,F,LAUNCH_WAIT,525.8,10.21,N,N,33.78,4.99,951.67,1576,4.56,23.802967,90.446028,5,17,-21,0,CX/ON
2043,1577,374,F,LAUNCH_WAIT,527.59,10.21,N,N,33.78,4.99,951.46,1577,4.91,23.803752,90.438955,5,17,-22,0,CX/ON
2043,1578,375,F,LAUNCH_WAIT,529.54,10.21,N,N,33.78,4.99,951.24,1578,5.13,23.809454,90.436223,5,17,-22,0,CX/ON
2043,1579,376,F,LAUNCH_WAIT,531.63,10.21,N,N,33.79,4.99,951,1579,5.21,23.80713,90.441317,5,16,-22,0,CX/ON
2043,1580,377,F,LAUNCH_WAIT,533.76,10.21,N,N,33.79,4.99,950.76,1580,5.46,23.797679,90.445463,5,16,-22,0,CX/ON
2043,1581,378,F,LAUNCH_WAIT,535.88,10.21,N,N,33.79,4.99,950.52,1581,5.34,23.806096,90.441041,4,16,-22,0,CX/ON
2043,1582,379,F,LAUNCH_WAIT,538.01,10.21,N,N,33.79,4.99,950.28,1582,5.23,23.806692,90.457555,5,16,-22,1,CX/ON
2043,1583,380,F,LAUNCH_WAIT,540.19,10.21,N,N,33.79,4.99,950.03,1583,4.95,23.793422,90.449036,4,16,-22,1,CX/ON
2043,1584,381,F,LAUNCH_WAIT,541.71,10.21,N,N,33.79,4.99,949.85,1584,4.52,23.80199,90.4416,4,16,-22,0,CX/ON
2043,1585,382,F,LAUNCH_WAIT,542.3,10.21,N,N,33.79,4.99,949.79,1585,5.41,23.802941,90.436918,5,16,-21,1,CX/ON
2043,1586,383,F,LAUNCH_WAIT,542.79,10.21,N,N,33.79,4.99,949.73,1586,4.83,23.792077,90.444198,4,16,-21,0,CX/ON
2043,1587,384,F,LAUNCH_WAIT,543.53,10.21,N,N,33.79,4.99,949.65,1587,5.16,23.79816,90.435241,5,16,-21,0,CX/ON
2043,1588,385,F,LAUNCH_WAIT,544.52,10.21,N,N,33.79,4.99,949.53,1588,4.57,23.814481,90.442069,4,16,-21,0,CX/ON
2043,1589,386,F,LAUNCH_WAIT,545.71,10.21,N,N,33.79,4.99,949.4,1589,5.45,23.801014,90.4412,4,16,-21,1,CX/ON
2043,1590,387,F,LAUNCH_WAIT,546.88,10.21,N,N,33.79,4.99,949.27,1590,4.82,23.805736,90.45435,5,16,-21,1,CX/ON
2043,1591,388,F,LAUNCH_WAIT,547.33,10.21,N,N,33.8,4.99,949.21,1591,5.47,23.799059,90.436938,5,16,-21,1,CX/ON
2043,1592,389,F,LAUNCH_WAIT,546.22,10.21,N,N,33.8,4.99,949.34,1592,4.63,23.808709,90.43748,5,16,-21,0,CX/ON
2043,1593,390,F,LAUNCH_WAIT,545.68,10.21,N,N,33.8,4.99,949.4,1593,4.5,23.794992,90.453192,4,16,-20,1,CX/ON
2043,1594,391,F,LAUNCH_WAIT,545.96,10.21,N,N,33.8,4.99,949.37,1594,5.33,23.807592,90.453336,4,16,-21,1,CX/ON
2043,1595,392,F,LAUNCH_WAIT,547.1,10.21,N,N,33.8,4.99,949.24,1595,4.69,23.79653,90.436637,4,16,-21,1,CX/ON
2043,1596,393,F,LAUNCH_WAIT,549,10.21,N,N,33.8,4.99,949.02,1596,4.87,23.809486,90.458082,4,16,-21,1,CX/ON
2043,1597,394,F,LAUNCH_WAIT,551.2,10.21,N,N,33.8,4.99,948.77,1597,5.07,23.804043,90.441083,5,16,-20,1,CX/ON
2043,1598,395,F,LAUNCH_WAIT,553.79,10.21,N,N,33.8,4.99,948.48,1598,4.82,23.802977,90.456602,5,16,-21,1,CX/ON
2043,1599,396,F,LAUNCH_WAIT,556.5,10.21,N,N,33.8,4.99,948.17,1599,4.86,23.803598,90.455306,5,16,-21,1,CX/ON
2043,1600,397,F,LAUNCH_WAIT,559.18,10.21,N,N,33.8,4.99,947.87,1600,4.87,23.806134,90.452515,4,15,-20,1,CX/ON
2043,1601,398,F,LAUNCH_WAIT,561.78,10.21,N,N,33.8,4.99,947.57,1601,5.27,23.807712,90.433024,4,16,-20,0,CX/ON
2043,1602,399,F,LAUNCH_WAIT,563.82,10.21,N,N,33.8,4.99,947.34,1602,4.9,23.799814,90.456457,4,16,-21,0,CX/ON
2043,1603,400,F,LAUNCH_WAIT,564.44,10.21,N,N,33.8,4.99,947.27,1603,5.38,23.813837,90.452792,5,16,-20,0,CX/ON
2043,1604,401,F,LAUNCH_WAIT,564.86,10.21,N,N,33.8,4.99,947.22,1604,5.05,23.806054,90.448472,4,15,-21,0,CX/ON
2043,1605,402,F,LAUNCH_WAIT,565.65,10.21,N,N,33.8,4.99,947.13,1605,5.31,23.809924,90.449872,4,15,-20,0,CX/ON
2043,1606,403,F,LAUNCH_WAIT,566.91,10.21,N,N,33.81,4.99,946.98,1606,5.41,23.80803,90.435075,5,15,-20,0,CX/ON
2043,1607,404,F,LAUNCH_WAIT,568.62,10.21,N,N,33.81,4.99,946.79,1607,4.89,23.807702,90.446435,4,15,-21,0,CX/ON
2043,1608,405,F,LAUNCH_WAIT,570.43,10.21,N,N,33.81,4.99,946.59,1608,5.47,23.80961,90.436936,4,16,-21,1,CX/ON
2043,1609,406,F,LAUNCH_WAIT,572.31,10.21,N,N,33.81,4.99,946.37,1609,5.5,23.803686,90.432262,4,15,-21,0,CX/ON
2043,1610,407,F,LAUNCH_WAIT,574.29,10.21,N,N,33.81,4.99,946.15,1610,4.84,23.80454,90.455429,4,15,-20,0,CX/ON
2043,1611,408,F,LAUNCH_WAIT,576.21,10.21,N,N,33.81,4.99,945.93,1611,4.5,23.795056,90.436232,4,15,-20,1,CX/ON
2043,1612,409,F,LAUNCH_WAIT,578.02,10.21,N,N,33.81,4.99,945.72,1612,4.96,23.80881,90.441368,4,15,-20,1,CX/ON
2043,1613,410,F,LAUNCH_WAIT,579.96,10.21,N,N,33.81,4.99,945.5,1613,5.41,23.791688,90.442777,4,15,-20,0,CX/ON
2043,1614,411,F,LAUNCH_WAIT,581.67,10.21,N,N,33.81,4.99,945.31,1614,5.1,23.812719,90.445803,5,15,-20,0,CX/ON
2043,1615,412,F,LAUNCH_WAIT,583.31,10.21,N,N,33.81,4.99,945.12,1615,4.75,23.792673,90.459882,4,15,-20,0,CX/ON
2043,1616,413,F,LAUNCH_WAIT,584.91,10.21,N,N,33.81,4.99,944.94,1616,5.03,23.794635,90.446612,5,14,-20,0,CX/ON
2043,1617,414,F,LAUNCH_WAIT,586.42,10.21,N,N,33.81,4.99,944.77,1617,5.16,23.802655,90.441111,5,14,-20,0,CX/ON
2043,1618,415,F,LAUNCH_WAIT,588.3,10.21,N,N,33.81,4.99,944.56,1618,4.74,23.799948,90.4531,4,15,-19,1,CX/ON
2043,1619,416,F,LAUNCH_WAIT,590.36,10.21,N,N,33.81,4.99,944.32,1619,5.17,23.806921,90.448675,4,14,-19,0,CX/ON
2043,1620,417,F,LAUNCH_WAIT,592.5,10.21,N,N,33.81,4.99,944.08,1620,5.25,23.809379,90.458302,4,14,-20,0,CX/ON
2043,1621,418,F,LAUNCH_WAIT,594.85,10.21,N,N,33.81,4.99,943.81,1621,5.17,23.791707,90.43547,4,14,-20,1,CX/ON
2043,1622,419,F,LAUNCH_WAIT,597.52,10.21,N,N,33.81,4.99,943.51,1622,5.09,23.81464,90.441727,4,14,-20,1,CX/ON
2043,1623,420,F,LAUNCH_WAIT,600.5,10.21,N,N,33.82,4.99,943.17,1623,5.35,23.806737,90.44645,5,14,-19,0,CX/ON
2043,1624,421,F,LAUNCH_WAIT,603.73,10.21,N,N,33.82,4.99,942.81,1624,4.62,23.806126,90.445967,4,14,-19,0,CX/ON
2043,1625,422,F,LAUNCH_WAIT,607.23,10.21,N,N,33.82,4.99,942.41,1625,4.82,23.818332,90.436815,4,14,-19,1,CX/ON
2043,1626,423,F,LAUNCH_WAIT,610.9,10.21,N,N,33.82,4.99,941.99,1626,5.41,23.808769,90.444891,4,14,-19,0,CX/ON
2043,1627,424,F,LAUNCH_WAIT,614.7,10.21,N,N,33.82,4.99,941.56,1627,5.4,23.806941,90.442921,5,14,-19,0,CX/ON
2043,1628,425,F,LAUNCH_WAIT,618.54,10.21,N,N,33.82,4.99,941.13,1628,4.68,23.791135,90.451219,4,14,-19,1,CX/ON
2043,1629,426,F,LAUNCH_WAIT,622.24,10.21,N,N,33.82,4.99,940.71,1629,5.4,23.792916,90.446077,5,14,-19,1,CX/ON
2043,1630,427,F,LAUNCH_WAIT,625.76,10.21,N,N,33.82,4.99,940.31,1630,5.18,23.801726,90.434338,5,14,-19,1,CX/ON
2043,1631,428,F,LAUNCH_WAIT,629.28,10.21,N,N,33.82,4.99,939.91,1631,5.48,23.80367,90.443504,4,14,-18,1,CX/ON
2043,1632,429,F,LAUNCH_WAIT,632.82,10.21,N,N,33.82,4.99,939.51,1632,4.54,23.807602,90.446611,4,14,-18,0,CX/ON
2043,1633,430,F,LAUNCH_WAIT,636.35,10.21,N,N,33.82,4.99,939.12,1633,4.51,23.804696,90.444653,5,14,-18,0,CX/ON
2043,1634,431,F,LAUNCH_WAIT,639.87,10.21,N,N,33.82,4.99,938.72,1634,4.75,23.798389,90.433938,5,14,-18,0,CX/ON
2043,1635,432,F,LAUNCH_WAIT,643.29,10.21,N,N,33.82,4.99,938.33,1635,4.86,23.814898,90.433777,4,14,-18,0,CX/ON
2043,1636,433,F,LAUNCH_WAIT,644.05,10.21,N,N,33.82,4.99,938.25,1636,5.44,23.794573,90.445534,4,13,-18,0,CX/ON
2043,1637,434,F,LAUNCH_WAIT,645.83,10.21,N,N,33.82,4.99,938.05,1637,5.31,23.812746,90.441097,5,14,-18,0,CX/ON
2043,1638,435,F,LAUNCH_WAIT,647.97,10.21,N,N,33.82,4.99,937.8,1638,5.14,23.795121,90.442174,5,14,-18,1,CX/ON
2043,1639,436,F,LAUNCH_WAIT,650.64,10.21,N,N,33.82,4.99,937.5,1639,5.18,23.794546,90.4512,4,14,-18,0,CX/ON
2043,1640,437,F,LAUNCH_WAIT,653.47,10.21,N,N,33.82,4.99,937.18,1640,5.32,23.806727,90.454623,4,14,-18,0,CX/ON
2043,1641,438,F,LAUNCH_WAIT,656.62,10.21,N,N,33.82,4.99,936.83,1641,4.6,23.807222,90.45173,4,14,-18,0,CX/ON
2043,1642,439,F,LAUNCH_WAIT,660.05,10.21,N,N,33.82,4.99,936.44,1642,4.82,23.794596,90.442111,5,14,-17,0,CX/ON
2043,1643,440,F,LAUNCH_WAIT,663.66,10.21,N,N,33.82,4.99,936.04,1643,5.33,23.802592,90.459871,4,14,-17,0,CX/ON
2043,1644,441,F,LAUNCH_WAIT,667.35,10.21,N,N,33.83,4.99,935.62,1644,4.53,23.79753,90.458937,4,13,-18,0,CX/ON
2043,1645,442,F,LAUNCH_WAIT,671.06,10.21,N,N,33.83,4.99,935.2,1645,4.67,23.791447,90.448602,5,13,-17,1,CX/ON
2043,1646,443,F,LAUNCH_WAIT,674.81,10.21,N,N,33.83,4.99,934.78,1646,4.98,23.796145,90.434461,4,13,-17,0,CX/ON
2043,1647,444,F,LAUNCH_WAIT,678.47,10.21,N,N,33.83,4.99,934.37,1647,5.13,23.801503,90.441067,4,13,-17,0,CX/ON
2043,1648,445,F,LAUNCH_WAIT,682.18,10.21,N,N,33.83,4.99,933.95,1648,5.36,23.812966,90.447246,4,13,-17,0,CX/ON
2043,1649,446,F,LAUNCH_WAIT,685.93,10.21,N,N,33.83,4.99,933.53,1649,4.98,23.80397,90.454113,5,13,-17,0,CX/ON
2043,1650,447,F,LAUNCH_WAIT,689.65,10.21,N,N,33.83,4.99,933.11,1650,5.09,23.803318,90.43667,5,13,-16,0,CX/ON
2043,1651,448,F,LAUNCH_WAIT,693.26,10.21,N,N,33.83,4.99,932.71,1651,4.63,23.801622,90.446679,4,13,-16,1,CX/ON
2043,1652,449,F,LAUNCH_WAIT,696.91,10.21,N,N,33.83,4.99,932.3,1652,4.85,23.804966,90.452057,5,13,-16,0,CX/ON
2043,1653,450,F,LAUNCH_WAIT,700.52,10.21,N,N,33.83,4.99,931.89,1653,5.16,23.803335,90.446277,4,13,-16,1,CX/ON
2043,1654,451,F,LAUNCH_WAIT,704.11,10.21,N,N,33.83,4.99,931.49,1654,5.46,23.804582,90.45965,4,13,-16,1,CX/ON
2043,1655,452,F,LAUNCH_WAIT,707.64,10.21,N,N,33.83,4.99,931.09,1655,5.11,23.802374,90.44727,5,13,-16,0,CX/ON
2043,1656,453,F,LAUNCH_WAIT,711.05,10.21,N,N,33.83,4.99,930.71,1656,4.53,23.795361,90.454958,5,13,-16,1,CX/ON
2043,1657,454,F,LAUNCH_WAIT,714.41,10.21,N,N,33.83,4.99,930.33,1657,5.29,23.805334,90.432606,5,13,-15,1,CX/ON
2043,1658,455,F,LAUNCH_WAIT,717.78,10.21,N,N,33.83,4.99,929.96,1658,4.7,23.794165,90.453,4,12,-15,1,CX/ON
2043,1659,456,F,LAUNCH_WAIT,721.03,10.21,N,N,33.83,4.99,929.59,1659,4.84,23.8099,90.455934,4,13,-15,1,CX/ON
2043,1660,457,F,LAUNCH_WAIT,724.4,10.21,N,N,33.83,4.99,929.21,1660,4.88,23.81238,90.451856,5,13,-15,1,CX/ON
2043,1661,458,F,LAUNCH_WAIT,727.72,10.21,N,N,33.83,4.99,928.84,1661,4.68,23.802077,90.435881,4,13,-14,0,CX/ON
2043,1662,459,F,LAUNCH_WAIT,730.96,10.21,N,N,33.83,4.99,928.48,1662,4.57,23.817899,90.444379,4,12,-15,0,CX/ON
2043,1663,460,F,LAUNCH_WAIT,734.19,10.21,N,N,33.83,4.99,928.12,1663,5,23.793539,90.443236,4,12,-14,0,CX/ON
2043,1664,461,F,LAUNCH_WAIT,737.34,10.21,N,N,33.83,4.99,927.77,1664,5.07,23.80288,90.43667,4,13,-14,0,CX/ON
2043,1665,462,F,LAUNCH_WAIT,740.46,10.21,N,N,33.83,4.99,927.42,1665,5.27,23.806683,90.44954,4,12,-14,1,CX/ON
2043,1666,463,F,LAUNCH_WAIT,743.52,10.21,N,N,33.83,4.99,927.07,1666,4.76,23.806309,90.452907,5,12,-14,1,CX/ON
2043,1667,464,F,LAUNCH_WAIT,746.52,10.21,N,N,33.83,4.99,926.74,1667,4.56,23.809533,90.442554,5,12,-13,1,CX/ON
2043,1668,465,F,LAUNCH_WAIT,749.44,10.21,N,N,33.83,4.99,926.41,1668,4.93,23.804153,90.437897,5,11,-13,0,CX/ON
2043,1669,466,F,LAUNCH_WAIT,752.46,10.21,N,N,33.83,4.99,926.08,1669,4.71,23.809739,90.443838,5,12,-13,0,CX/ON
2043,1670,467,F,LAUNCH_WAIT,755.28,10.21,N,N,33.83,4.99,925.76,1670,5.2,23.79215,90.446241,5,12,-13,1,CX/ON
2043,1671,468,F,LAUNCH_WAIT,758.15,10.21,N,N,33.83,4.99,925.44,1671,5.02,23.80766,90.452105,4,12,-12,0,CX/ON
2043,1672,469,F,LAUNCH_WAIT,761.05,10.21,N,N,33.83,4.99,925.12,1672,4.99,23.808581,90.459875,4,12,-12,1,CX/ON
2043,1673,470,F,LAUNCH_WAIT,763.86,10.21,N,N,33.83,4.99,924.8,1673,5.3,23.806744,90.441067,5,11,-13,1,CX/ON
2043,1674,471,F,LAUNCH_WAIT,766.59,10.21,N,N,33.83,4.99,924.5,1674,4.73,23.798072,90.43994,4,11,-12,0,CX/ON
2043,1675,472,F,LAUNCH_WAIT,769.28,10.21,N,N,33.83,4.99,924.2,1675,4.74,23.794155,90.438305,4,11,-12,1,CX/ON
2043,1676,473,F,LAUNCH_WAIT,771.94,10.21,N,N,33.83,4.99,923.9,1676,4.57,23.80198,90.439038,4,11,-12,1,CX/ON
2043,1677,474,F,LAUNCH_WAIT,774.55,10.21,N,N,33.83,4.99,923.61,1677,5.43,23.809344,90.451961,4,11,-11,0,CX/ON
2043,1678,475,F,LAUNCH_WAIT,776.57,10.21,N,N,33.84,4.99,923.39,1678,4.57,23.813379,90.448394,4,11,-12,0,CX/ON
2043,1679,476,F,LAUNCH_WAIT,774.73,10.21,N,N,33.84,4.99,923.59,1679,5.18,23.80377,90.448802,4,11,-11,0,CX/ON
2043,1680,477,F,LAUNCH_WAIT,770.61,10.21,N,N,33.84,4.99,924.05,1680,4.87,23.802367,90.447632,5,11,-12,1,CX/ON
2043,1681,478,F,LAUNCH_WAIT,765.22,10.21,N,N,33.84,4.99,924.65,1681,4.88,23.80238,90.4464,5,11,-11,0,CX/ON
2043,1682,479,F,LAUNCH_WAIT,759.09,10.21,N,N,33.84,4.99,925.34,1682,5.06,23.805773,90.436692,5,11,-12,1,CX/ON
2043,1683,480,F,LAUNCH_WAIT,752.45,10.21,N,N,33.84,4.99,926.08,1683,4.95,23.804619,90.441707,4,10,-12,1,CX/ON
2043,1684,481,F,LAUNCH_WAIT,745.66,10.21,N,N,33.84,4.99,926.84,1684,4.78,23.807594,90.44156,4,11,-12,0,CX/ON
2043,1685,482,F,LAUNCH_WAIT,738.76,10.21,N,N,33.84,4.99,927.61,1685,5.15,23.808637,90.446275,5,10,-12,1,CX/ON
2043,1686,483,F,LAUNCH_WAIT,731.91,10.21,N,N,33.84,4.99,928.37,1686,4.66,23.795278,90.443924,4,10,-12,0,CX/ON
2043,1687,484,F,LAUNCH_WAIT,725.28,10.21,N,N,33.84,4.99,929.11,1687,4.58,23.8051,90.451908,4,10,-11,0,CX/ON
2043,1688,485,F,LAUNCH_WAIT,718.72,10.21,N,N,33.84,4.99,929.85,1688,5.44,23.815863,90.446583,5,11,-12,1,CX/ON
2043,1689,486,F,LAUNCH_WAIT,712.25,10.21,N,N,33.84,4.99,930.57,1689,5.42,23.807133,90.443283,4,10,-12,0,CX/ON
2043,1690,487,F,LAUNCH_WAIT,706.04,10.21,N,N,33.84,4.99,931.27,1690,4.51,23.80347,90.444508,4,10,-11,0,CX/ON
2043,1691,488,F,LAUNCH_WAIT,699.96,10.21,N,N,33.84,4.99,931.95,1691,5.33,23.791575,90.441069,4,10,-12,0,CX/ON
2043,1692,489,F,LAUNCH_WAIT,694.03,10.21,N,N,33.84,4.99,932.62,1692,5,23.798545,90.458392,5,10,-12,0,CX/ON
2043,1693,490,F,LAUNCH_WAIT,688.31,10.21,N,N,33.84,4.99,933.26,1693,4.76,23.805456,90.44213,5,11,-12,0,CX/ON
2043,1694,491,F,LAUNCH_WAIT,682.78,10.21,N,N,33.84,4.99,933.88,1694,5.28,23.808561,90.443022,5,10,-12,1,CX/ON
2043,1695,492,F,LAUNCH_WAIT,677.25,10.21,N,N,33.84,4.99,934.51,1695,4.74,23.808263,90.44309,5,10,-12,0,CX/ON
2043,1696,493,F,LAUNCH_WAIT,672.06,10.21,N,N,33.84,4.99,935.09,1696,5.32,23.808105,90.449201,5,11,-12,0,CX/ON
2043,1697,494,F,LAUNCH_WAIT,666.88,10.21,N,N,33.84,4.99,935.67,1697,4.88,23.79692,90.432294,5,10,-12,0,CX/ON
2043,1698,495,F,LAUNCH_WAIT,661.93,10.21,N,N,33.84,4.99,936.23,1698,5.27,23.80437,90.43415,4,10,-12,0,CX/ON
2043,1699,496,F,LAUNCH_WAIT,657.1,10.21,N,N,33.84,4.99,936.78,1699,5.11,23.792536,90.456864,5,11,-12,0,CX/ON
2043,1700,497,F,LAUNCH_WAIT,652.25,10.21,N,N,33.84,4.99,937.32,1700,5,23.806518,90.44548,5,10,-12,0,CX/ON
2043,1701,498,F,LAUNCH_WAIT,647.54,10.21,N,N,33.84,4.99,937.85,1701,5.43,23.797645,90.447472,5,10,-12,0,CX/ON
2043,1702,499,F,LAUNCH_WAIT,643,10.21,N,N,33.85,4.99,938.36,1702,4.66,23.801881,90.434,4,10,-12,0,CX/ON
2043,1703,500,F,LAUNCH_WAIT,638.56,10.21,N,N,33.85,4.99,938.87,1703,4.63,23.809472,90.432974,5,11,-12,0,CX/ON
2043,1704,501,F,LAUNCH_WAIT,634.14,10.21,N,N,33.84,4.99,939.37,1704,5.42,23.808038,90.434347,5,11,-12,1,CX/ON
2043,1705,502,F,LAUNCH_WAIT,629.73,10.21,N,N,33.85,4.99,939.86,1705,4.86,23.818747,90.439395,4,11,-12,1,CX/ON
2043,1706,503,F,LAUNCH_WAIT,625.54,10.21,N,N,33.85,4.99,940.34,1706,4.77,23.807694,90.453693,5,10,-12,0,CX/ON
2043,1707,504,F,LAUNCH_WAIT,621.35,10.21,N,N,33.85,4.99,940.81,1707,4.57,23.804596,90.452767,4,10,-12,0,CX/ON
2043,1708,505,F,LAUNCH_WAIT,617.29,10.21,N,N,33.85,4.99,941.27,1708,4.77,23.791157,90.445397,5,11,-13,0,CX/ON
2043,1709,506,F,LAUNCH_WAIT,613.25,10.21,N,N,33.85,4.99,941.73,1709,5.09,23.80474,90.44137,4,10,-12,0,CX/ON
2043,1710,507,F,LAUNCH_WAIT,609.26,10.21,N,N,33.85,4.99,942.18,1710,4.54,23.792443,90.456685,5,11,-13,0,CX/ON
2043,1711,508,F,LAUNCH_WAIT,605.27,10.21,N,N,33.85,4.99,942.63,1711,4.96,23.796038,90.446859,5,11,-13,0,CX/ON
2043,1712,509,F,LAUNCH_WAIT,601.37,10.21,N,N,33.85,4.99,943.07,1712,4.97,23.807636,90.432996,4,11,-13,0,CX/ON
2043,1713,510,F,LAUNCH_WAIT,597.56,10.21,N,N,33.85,4.99,943.51,1713,5.41,23.79368,90.446448,5,10,-12,0,CX/ON
2043,1714,511,F,LAUNCH_WAIT,593.85,10.21,N,N,33.85,4.99,943.93,1714,5.21,23.809529,90.44148,5,11,-13,0,CX/ON
2043,1715,512,F,LAUNCH_WAIT,590.16,10.21,N,N,33.85,4.99,944.34,1715,4.63,23.801977,90.449342,5,11,-13,0,CX/ON
2043,1716,513,F,LAUNCH_WAIT,586.51,10.21,N,N,33.85,4.99,944.76,1716,5.43,23.804599,90.452519,4,11,-13,0,CX/ON
2043,1717,514,F,LAUNCH_WAIT,582.8,10.21,N,N,33.85,4.99,945.18,1717,4.52,23.79592,90.457814,4,10,-13,0,CX/ON
2043,1718,515,F,LAUNCH_WAIT,579.15,10.21,N,N,33.85,4.99,945.59,1718,5.26,23.792763,90.447359,4,11,-13,0,CX/ON
2043,1719,516,F,LAUNCH_WAIT,575.49,10.21,N,N,33.85,4.99,946.01,1719,5.21,23.79608,90.453688,4,11,-13,0,CX/ON
2043,1720,517,F,LAUNCH_WAIT,572.09,10.21,N,N,33.85,4.99,946.4,1720,4.71,23.805897,90.452584,4,11,-13,0,CX/ON
2043,1721,518,F,LAUNCH_WAIT,568.63,10.21,N,N,33.85,4.99,946.79,1721,5.45,23.80661,90.446634,4,11,-13,0,CX/ON
2043,1722,519,F,LAUNCH_WAIT,565.16,10.21,N,N,33.85,4.99,947.18,1722,5.18,23.795048,90.455711,5,11,-14,0,CX/ON
2043,1723,520,F,LAUNCH_WAIT,561.73,10.21,N,N,33.85,4.99,947.57,1723,5.4,23.80286,90.44551,4,11,-13,0,CX/ON
2043,1724,521,F,LAUNCH_WAIT,558.4,10.21,N,N,33.85,4.99,947.95,1724,5.24,23.807354,90.445604,4,11,-13,0,CX/ON
2043,1725,522,F,LAUNCH_WAIT,554.98,10.21,N,N,33.86,4.99,948.34,1725,4.61,23.815622,90.447308,5,11,-13,0,CX/ON
2043,1726,523,F,LAUNCH_WAIT,551.76,10.21,N,N,33.86,4.99,948.71,1726,4.98,23.80151,90.43258,4,11,-13,0,CX/ON
2043,1727,524,F,LAUNCH_WAIT,548.59,10.21,N,N,33.86,4.99,949.07,1727,5.44,23.805548,90.45229,5,11,-14,0,CX/ON
2043,1728,525,F,LAUNCH_WAIT,545.37,10.21,N,N,33.86,4.99,949.44,1728,4.77,23.797467,90.442857,5,11,-13,0,CX/ON
2043,1729,526,F,LAUNCH_WAIT,542.18,10.21,N,N,33.86,4.99,949.8,1729,4.89,23.796421,90.452606,4,10,-14,0,CX/ON
2043,1730,527,F,LAUNCH_WAIT,539.05,10.21,N,N,33.86,4.99,950.16,1730,5.42,23.792379,90.44184,5,11,-13,1,CX/ON
2043,1731,528,F,LAUNCH_WAIT,536.03,10.21,N,N,33.86,4.99,950.5,1731,5.15,23.79495,90.4585,5,11,-14,0,CX/ON
2043,1732,529,F,LAUNCH_WAIT,532.95,10.21,N,N,33.86,4.99,950.85,1732,5.15,23.799151,90.436334,4,11,-14,1,CX/ON
2043,1733,530,F,LAUNCH_WAIT,530,10.21,N,N,33.86,4.99,951.19,1733,5.05,23.79681,90.44177,4,11,-14,0,CX/ON
2043,1734,531,F,LAUNCH_WAIT,527.04,10.21,N,N,33.86,4.99,951.53,1734,5.3,23.797623,90.459579,4,11,-14,0,CX/ON
2043,1735,532,F,LAUNCH_WAIT,524.11,10.21,N,N,33.86,4.99,951.86,1735,5.12,23.794201,90.453267,4,11,-13,0,CX/ON
2043,1736,533,F,LAUNCH_WAIT,521.27,10.21,N,N,33.86,4.99,952.19,1736,4.96,23.79624,90.449016,4,11,-14,1,CX/ON
2043,1737,534,F,LAUNCH_WAIT,518.44,10.21,N,N,33.86,4.99,952.51,1737,4.56,23.796768,90.443908,4,11,-14,0,CX/ON
2043,1738,535,F,LAUNCH_WAIT,515.6,10.21,N,N,33.86,4.99,952.83,1738,5.38,23.80224,90.4556,4,11,-14,0,CX/ON
2043,1739,536,F,LAUNCH_WAIT,512.85,10.21,N,N,33.86,4.99,953.15,1739,4.52,23.80577,90.451528,5,11,-14,0,CX/ON
2043,1740,537,F,LAUNCH_WAIT,510.1,10.21,N,N,33.87,4.99,953.46,1740,4.73,23.81475,90.457651,5,11,-14,1,CX/ON
2043,1741,538,F,LAUNCH_WAIT,507.41,10.21,N,N,33.87,4.99,953.77,1741,5.1,23.7979,90.434505,5,11,-14,1,CX/ON
2043,1742,539,F,LAUNCH_WAIT,504.72,10.21,N,N,33.87,4.99,954.08,1742,4.66,23.799134,90.448034,5,11,-14,0,CX/ON
2043,1743,540,F,LAUNCH_WAIT,502.11,10.21,N,N,33.87,4.99,954.38,1743,4.58,23.801551,90.44599,5,11,-14,1,CX/ON
2043,1744,541,F,LAUNCH_WAIT,499.52,10.21,N,N,33.87,4.99,954.67,1744,5.41,23.806956,90.44588,5,11,-14,0,CX/ON
2043,1745,542,F,LAUNCH_WAIT,496.95,10.21,N,N,33.87,4.99,954.97,1745,4.7,23.811076,90.453148,5,11,-14,0,CX/ON
2043,1746,543,F,LAUNCH_WAIT,494.49,10.21,N,N,33.87,4.99,955.25,1746,4.65,23.792912,90.443371,4,11,-14,1,CX/ON
2043,1747,544,F,LAUNCH_WAIT,491.96,10.21,N,N,33.87,4.99,955.54,1747,4.71,23.813976,90.453869,5,11,-15,0,CX/ON
2043,1748,545,F,LAUNCH_WAIT,489.53,10.21,N,N,33.87,4.99,955.82,1748,5.16,23.792562,90.43158,5,11,-14,1,CX/ON
2043,1749,546,F,LAUNCH_WAIT,487.09,10.21,N,N,33.87,4.99,956.1,1749,5.19,23.797581,90.433276,4,11,-14,0,CX/ON
2043,1750,547,F,LAUNCH_WAIT,484.66,10.21,N,N,33.87,4.99,956.38,1750,5.33,23.793389,90.452525,4,11,-14,1,CX/ON
2043,1751,548,F,LAUNCH_WAIT,482.27,10.21,N,N,33.87,4.99,956.65,1751,5.08,23.801551,90.447169,5,11,-14,1,CX/ON
2043,1752,549,F,LAUNCH_WAIT,479.89,10.21,N,N,33.88,4.99,956.92,1752,5.47,23.803952,90.4322,4,11,-14,1,CX/ON
2043,1753,550,F,LAUNCH_WAIT,477.43,10.21,N,N,33.88,4.99,957.2,1753,4.51,23.808401,90.44187,4,11,-15,0,CX/ON
2043,1754,551,F,LAUNCH_WAIT,475.07,10.21,N,N,33.88,4.99,957.48,1754,4.51,23.795561,90.441271,5,11,-15,0,CX/ON
2043,1755,552,F,LAUNCH_WAIT,472.75,10.21,N,N,33.88,4.99,957.74,1755,5.06,23.8199,90.457296,4,11,-15,0,CX/ON
2043,1756,553,F,LAUNCH_WAIT,470.4,10.21,N,N,33.88,4.99,958.01,1756,5.07,23.7927,90.458023,5,11,-14,1,CX/ON
2043,1757,554,F,LAUNCH_WAIT,468.17,10.21,N,N,33.88,4.99,958.27,1757,5,23.79533,90.442212,4,11,-15,1,CX/ON
2043,1758,555,F,LAUNCH_WAIT,465.88,10.21,N,N,33.88,4.99,958.53,1758,4.75,23.797008,90.449385,5,11,-15,0,CX/ON
2043,1759,556,F,LAUNCH_WAIT,463.65,10.21,N,N,33.88,4.99,958.79,1759,5.44,23.80621,90.447956,4,12,-15,1,CX/ON
2043,1760,557,F,LAUNCH_WAIT,461.48,10.21,N,N,33.88,4.99,959.03,1760,5.41,23.811019,90.449534,5,11,-15,1,CX/ON
2043,1761,558,F,LAUNCH_WAIT,459.28,10.21,N,N,33.88,4.99,959.29,1761,5.32,23.813112,90.445774,5,11,-15,0,CX/ON
2043,1762,559,F,LAUNCH_WAIT,457.05,10.21,N,N,33.88,4.99,959.54,1762,5.38,23.809272,90.452347,4,11,-15,0,CX/ON
2043,1763,560,F,LAUNCH_WAIT,454.96,10.21,N,N,33.88,4.99,959.78,1763,4.81,23.799731,90.441384,5,11,-15,0,CX/ON
2043,1764,561,F,LAUNCH_WAIT,452.93,10.21,N,N,33.88,4.99,960.02,1764,5.11,23.806867,90.441785,5,11,-15,0,CX/ON
2043,1765,562,F,LAUNCH_WAIT,450.84,10.21,N,N,33.88,4.99,960.26,1765,5.3,23.794,90.44604,4,11,-15,1,CX/ON
2043,1766,563,F,LAUNCH_WAIT,448.77,10.21,N,N,33.88,4.99,960.5,1766,4.54,23.804151,90.458376,5,11,-15,0,CX/ON
2043,1767,564,F,LAUNCH_WAIT,446.73,10.21,N,N,33.88,4.99,960.73,1767,5.29,23.812646,90.441464,4,11,-15,0,CX/ON
2043,1768,565,F,LAUNCH_WAIT,444.71,10.21,N,N,33.88,4.99,960.96,1768,4.73,23.801898,90.45287,4,11,-15,0,CX/ON
2043,1769,566,F,LAUNCH_WAIT,442.69,10.21,N,N,33.89,4.99,961.2,1769,4.92,23.80643,90.448991,5,11,-15,1,CX/ON
2043,1770,567,F,LAUNCH_WAIT,440.67,10.21,N,N,33.89,4.99,961.43,1770,4.99,23.792418,90.433421,4,11,-15,0,CX/ON
2043,1771,568,F,LAUNCH_WAIT,438.69,10.21,N,N,33.89,4.99,961.66,1771,5.24,23.809091,90.443019,5,11,-15,1,CX/ON
2043,1772,569,F,LAUNCH_WAIT,436.73,10.21,N,N,33.89,4.99,961.88,1772,5.06,23.791447,90.449807,5,11,-15,1,CX/ON
2043,1773,570,F,LAUNCH_WAIT,434.79,10.21,N,N,33.89,4.99,962.11,1773,5.17,23.795756,90.452782,4,11,-15,0,CX/ON
2043,1774,571,F,LAUNCH_WAIT,432.96,10.21,N,N,33.89,4.99,962.32,1774,5.32,23.79298,90.452014,5,11,-15,1,CX/ON
2043,1775,572,F,LAUNCH_WAIT,431.03,10.21,N,N,33.89,4.99,962.54,1775,5.16,23.799,90.457877,5,11,-15,0,CX/ON
2043,1776,573,F,LAUNCH_WAIT,429.11,10.21,N,N,33.89,4.99,962.76,1776,5.36,23.792841,90.45277,4,11,-15,0,CX/ON
2043,1777,574,F,LAUNCH_WAIT,427.27,10.21,N,N,33.89,4.99,962.97,1777,4.6,23.808374,90.444106,4,11,-15,1,CX/ON
2043,1778,575,F,LAUNCH_WAIT,425.44,10.21,N,N,33.89,4.99,963.18,1778,5.05,23.792111,90.444335,5,11,-15,1,CX/ON
2043,1779,576,F,LAUNCH_WAIT,423.6,10.21,N,N,33.89,4.99,963.4,1779,5,23.808468,90.432619,4,11,-15,1,CX/ON
2043,1780,577,F,LAUNCH_WAIT,421.77,10.21,N,N,33.89,4.99,963.61,1780,5.48,23.794352,90.449543,4,11,-15,0,CX/ON
2043,1781,578,F,LAUNCH_WAIT,419.92,10.21,N,N,33.89,4.99,963.82,1781,5.41,23.805786,90.443808,5,11,-15,1,CX/ON
2043,1782,579,F,LAUNCH_WAIT,418.15,10.21,N,N,33.89,4.99,964.02,1782,5.29,23.804803,90.44252,5,11,-15,0,CX/ON
2043,1783,580,F,LAUNCH_WAIT,416.35,10.21,N,N,33.89,4.99,964.23,1783,5.36,23.792213,90.451758,5,11,-15,1,CX/ON
2043,1784,581,F,LAUNCH_WAIT,414.59,10.21,N,N,33.89,4.99,964.43,1784,4.63,23.804711,90.446507,5,11,-16,0,CX/ON
2043,1785,582,F,LAUNCH_WAIT,412.85,10.21,N,N,33.89,4.99,964.63,1785,4.63,23.799206,90.457895,4,11,-15,1,CX/ON
2043,1786,583,F,LAUNCH_WAIT,411.19,10.21,N,N,33.9,4.99,964.83,1786,4.58,23.807131,90.458629,5,11,-16,1,CX/ON
2043,1787,584,F,LAUNCH_WAIT,409.46,10.21,N,N,33.9,4.99,965.03,1787,4.51,23.794795,90.432525,5,11,-16,1,CX/ON
2043,1788,585,F,LAUNCH_WAIT,407.79,10.21,N,N,33.9,4.99,965.22,1788,4.56,23.791493,90.434827,4,11,-16,1,CX/ON
2043,1789,586,F,LAUNCH_WAIT,406.06,10.21,N,N,33.9,4.99,965.42,1789,4.87,23.799473,90.442771,5,12,-16,0,CX/ON
2043,1790,587,F,LAUNCH_WAIT,404.46,10.21,N,N,33.9,4.99,965.6,1790,4.81,23.796836,90.447164,5,12,-16,0,CX/ON
2043,1791,588,F,LAUNCH_WAIT,402.8,10.21,N,N,33.9,4.99,965.8,1791,5.2,23.792452,90.45835,5,12,-16,1,CX/ON
2043,1792,589,F,LAUNCH_WAIT,401.18,10.21,N,N,33.9,4.99,965.98,1792,4.76,23.793507,90.45159,4,11,-16,0,CX/ON
2043,1793,590,F,LAUNCH_WAIT,399.59,10.21,N,N,33.9,4.99,966.17,1793,5.35,23.797381,90.432828,4,11,-17,0,CX/ON
2043,1794,591,F,LAUNCH_WAIT,397.97,10.21,N,N,33.9,4.99,966.35,1794,4.74,23.794276,90.445746,4,12,-17,0,CX/ON
2043,1795,592,F,LAUNCH_WAIT,396.4,10.21,N,N,33.9,4.99,966.54,1795,5.37,23.792694,90.447038,5,12,-17,0,CX/ON
2043,1796,593,F,LAUNCH_WAIT,394.76,10.21,N,N,33.9,4.99,966.72,1796,4.63,23.804015,90.452995,5,12,-17,0,CX/ON
2043,1797,594,F,LAUNCH_WAIT,393.21,10.21,N,N,33.9,4.99,966.9,1797,4.85,23.795781,90.448116,4,13,-17,0,CX/ON
2043,1798,595,F,LAUNCH_WAIT,391.75,10.21,N,N,33.9,4.98,967.07,1798,4.8,23.80303,90.456918,5,12,-17,0,CX/ON
2043,1799,596,F,LAUNCH_WAIT,390.29,10.21,N,N,33.9,4.98,967.24,1799,4.54,23.805333,90.433356,4,13,-18,0,CX/ON
2043,1800,597,F,LAUNCH_WAIT,388.82,10.21,N,N,33.9,4.98,967.41,1800,4.94,23.791895,90.43997,5,13,-18,0,CX/ON
2043,1801,598,F,LAUNCH_WAIT,387.33,10.21,N,N,33.9,4.98,967.58,1801,5.06,23.801583,90.449667,4,12,-18,0,CX/ON
2043,1802,599,F,LAUNCH_WAIT,385.87,10.21,N,N,33.9,4.98,967.75,1802,4.66,23.808072,90.439511,5,12,-18,1,CX/ON
2043,1803,600,F,LAUNCH_WAIT,384.42,10.21,N,N,33.91,4.98,967.92,1803,5.32,23.80726,90.458429,5,12,-18,0,CX/ON
2043,1804,601,F,LAUNCH_WAIT,383.06,10.21,N,N,33.91,4.98,968.08,1804,4.76,23.817643,90.455649,5,12,-18,0,CX/ON
2043,1805,602,F,LAUNCH_WAIT,381.59,10.21,N,N,33.91,4.98,968.25,1805,5.4,23.809054,90.452514,5,13,-18,1,CX/ON
2043,1806,603,F,LAUNCH_WAIT,380.16,10.21,N,N,33.91,4.98,968.41,1806,5.26,23.818232,90.459735,5,12,-18,0,CX/ON
2043,1807,604,F,LAUNCH_WAIT,378.75,10.21,N,N,33.91,4.98,968.58,1807,4.51,23.80303,90.449612,4,13,-18,0,CX/ON
2043,1808,605,F,LAUNCH_WAIT,377.43,10.21,N,N,33.91,4.98,968.73,1808,5.14,23.808889,90.444287,5,13,-18,0,CX/ON
2043,1809,606,F,LAUNCH_WAIT,376.1,10.21,N,N,33.91,4.98,968.88,1809,4.65,23.808832,90.441484,5,12,-18,0,CX/ON
2043,1810,607,F,LAUNCH_WAIT,374.8,10.21,N,N,33.91,4.98,969.04,1810,5.04,23.80383,90.452172,4,12,-18,0,CX/ON
2043,1811,608,F,LAUNCH_WAIT,373.51,10.21,N,N,33.91,4.98,969.18,1811,4.75,23.795596,90.438785,4,12,-18,0,CX/ON
2043,1812,609,F,LAUNCH_WAIT,372.18,10.21,N,N,33.91,4.98,969.34,1812,5.1,23.79696,90.437812,5,12,-18,0,CX/ON
2043,1813,610,F,LAUNCH_WAIT,371,10.21,N,N,33.91,4.98,969.47,1813,5.25,23.809735,90.445564,4,13,-19,0,CX/ON
2043,1814,611,F,LAUNCH_WAIT,369.77,10.21,N,N,33.91,4.98,969.62,1814,4.55,23.811319,90.441801,5,12,-18,0,CX/ON
2043,1815,612,F,LAUNCH_WAIT,368.53,10.21,N,N,33.91,4.98,969.76,1815,5.22,23.809498,90.453888,4,12,-18,0,CX/ON
2043,1816,613,F,LAUNCH_WAIT,367.3,10.21,N,N,33.91,4.98,969.9,1816,5.09,23.794175,90.452072,4,13,-19,0,CX/ON
2043,1817,614,F,LAUNCH_WAIT,366.08,10.21,N,N,33.91,4.98,970.05,1817,5.16,23.794505,90.4461,5,12,-19,1,CX/ON
2043,1818,615,F,LAUNCH_WAIT,364.86,10.21,N,N,33.91,4.98,970.19,1818,4.74,23.809553,90.443739,4,12,-19,0,CX/ON
2043,1819,616,F,LAUNCH_WAIT,363.54,10.21,N,N,33.91,4.98,970.34,1819,5.01,23.793548,90.447284,4,12,-19,0,CX/ON
2043,1820,617,F,LAUNCH_WAIT,362.33,10.21,N,N,33.91,4.98,970.48,1820,5.38,23.796661,90.45122,5,12,-18,0,CX/ON
2043,1821,618,F,LAUNCH_WAIT,361.26,10.21,N,N,33.91,4.98,970.6,1821,5.01,23.798472,90.443378,4,13,-18,0,CX/ON
2043,1822,619,F,LAUNCH_WAIT,360.12,10.21,N,N,33.91,4.98,970.74,1822,4.86,23.809162,90.449076,4,12,-19,0,CX/ON
2043,1823,620,F,LAUNCH_WAIT,359.03,10.21,N,N,33.92,4.98,970.86,1823,4.8,23.807782,90.44434,4,12,-19,0,CX/ON
2043,1824,621,F,LAUNCH_WAIT,357.94,10.21,N,N,33.92,4.98,970.99,1824,4.88,23.805647,90.4582,4,12,-19,0,CX/ON
2043,1825,622,F,LAUNCH_WAIT,356.79,10.21,N,N,33.92,4.98,971.12,1825,5.27,23.796821,90.44845,4,13,-19,1,CX/ON
2043,1826,623,F,LAUNCH_WAIT,355.68,10.21,N,N,33.92,4.98,971.25,1826,4.71,23.80508,90.449937,4,12,-19,0,CX/ON
2043,1827,624,F,LAUNCH_WAIT,354.59,10.21,N,N,33.92,4.98,971.38,1827,4.73,23.804717,90.45309,4,12,-19,0,CX/ON
2043,1828,625,F,LAUNCH_WAIT,353.51,10.21,N,N,33.92,4.98,971.5,1828,4.52,23.79501,90.449778,5,12,-19,0,CX/ON
2043,1829,626,F,LAUNCH_WAIT,352.54,10.21,N,N,33.92,4.98,971.62,1829,5.16,23.815325,90.44524,5,12,-19,0,CX/ON
2043,1830,627,F,LAUNCH_WAIT,351.49,10.21,N,N,33.92,4.98,971.74,1830,5.09,23.80348,90.454598,4,13,-18,0,CX/ON
2043,1831,628,F,LAUNCH_WAIT,350.54,10.21,N,N,33.92,4.98,971.85,1831,5.46,23.8045,90.449784,5,13,-19,0,CX/ON
2043,1832,629,F,LAUNCH_WAIT,348.65,10.21,N,N,33.92,4.98,972.07,1832,4.74,23.80511,90.44812,4,14,-21,1,CX/ON
2043,1833,630,F,LAUNCH_WAIT,347.05,10.21,N,N,33.92,4.98,972.25,1833,5.04,23.7995,90.442151,5,11,-15,1,CX/ON
2043,1834,631,F,LAUNCH_WAIT,345.99,10.21,N,N,33.92,4.98,972.38,1834,5.09,23.795352,90.446174,4,12,-20,1,CX/ON
2043,1835,632,F,LAUNCH_WAIT,344.66,10.21,N,N,33.92,4.98,972.53,1835,4.83,23.816823,90.44453,4,11,-19,1,CX/ON
2043,1836,633,F,LAUNCH_WAIT,343.77,10.21,N,N,33.92,4.98,972.64,1836,5.45,23.80641,90.454607,4,15,-20,1,CX/ON
2043,1837,634,F,LAUNCH_WAIT,342.66,10.21,N,N,33.92,4.98,972.76,1837,5.29,23.805951,90.433448,4,12,-20,1,CX/ON
2043,1838,635,F,LAUNCH_WAIT,341.77,10.21,N,N,33.92,4.98,972.87,1838,5.05,23.801591,90.434212,4,11,-21,1,CX/ON
2043,1839,636,F,LAUNCH_WAIT,340.75,10.21,N,N,33.92,4.98,972.99,1839,5.2,23.791076,90.444811,4,11,-20,0,CX/ON
2043,1840,637,F,LAUNCH_WAIT,339.91,10.21,N,N,33.93,4.98,973.08,1840,5.2,23.808599,90.43981,4,12,-20,0,CX/ON
2043,1841,638,F,LAUNCH_WAIT,337.35,10.21,N,N,33.93,4.98,973.38,1841,4.6,23.804076,90.458292,5,12,-19,0,CX/ON
2043,1842,639,F,LAUNCH_WAIT,334.36,10.21,N,N,33.93,4.98,973.73,1842,4.94,23.798566,90.454448,5,12,-21,0,CX/ON
2043,1843,640,F,LAUNCH_WAIT,334.4,10.21,N,N,33.93,4.98,973.72,1843,4.66,23.791907,90.434528,5,12,-21,0,CX/ON
2043,1844,641,F,LAUNCH_WAIT,334.44,10.21,N,N,33.93,4.98,973.72,1844,4.65,23.808918,90.44484,5,12,-20,0,CX/ON
2043,1845,642,F,LAUNCH_WAIT,334.24,10.21,N,N,33.93,4.98,973.74,1845,4.52,23.794537,90.439492,5,11,-20,1,CX/ON
2043,1846,643,F,LAUNCH_WAIT,333.77,10.21,N,N,33.93,4.98,973.8,1846,4.7,23.7923,90.454232,4,12,-19,0,CX/ON
2043,1847,644,F,LAUNCH_WAIT,333.21,10.21,N,N,33.93,4.98,973.86,1847,4.8,23.808206,90.43771,4,11,-20,0,CX/ON
2043,1848,645,F,LAUNCH_WAIT,332.67,10.21,N,N,33.93,4.98,973.93,1848,5.07,23.792845,90.439629,4,13,-23,0,CX/ON
2043,1849,646,F,LAUNCH_WAIT,332.11,10.21,N,N,33.93,4.98,973.99,1849,4.56,23.808319,90.4315,5,9,-17,-1,CX/ON
2043,1850,647,F,LAUNCH_WAIT,331.39,10.21,N,N,33.93,4.98,974.07,1850,4.53,23.794697,90.438651,4,23,-16,2,CX/ON
2043,1851,648,F,LAUNCH_WAIT,330.07,10.21,N,N,33.93,4.98,974.23,1851,4.76,23.815405,90.436869,5,7,-28,-35,CX/ON
2043,1852,649,F,LAUNCH_WAIT,329.59,10.21,N,N,33.93,4.98,974.28,1852,5.12,23.802379,90.447409,4,9,-20,0,CX/ON
2043,1853,650,F,LAUNCH_WAIT,328.92,10.21,N,N,33.93,4.98,974.36,1853,4.94,23.793787,90.459931,4,16,-9,-11,CX/ON
2043,1854,651,F,LAUNCH_WAIT,327.69,10.21,N,N,33.93,4.98,974.5,1854,4.52,23.809838,90.433269,5,4,-10,0,CX/ON
2043,1855,652,F,LAUNCH_WAIT,327.13,10.21,N,N,33.93,4.98,974.57,1855,5.25,23.795069,90.434874,5,1,-7,0,CX/ON
2043,1856,653,F,LAUNCH_WAIT,326.47,10.21,N,N,33.93,4.98,974.65,1856,5.06,23.794843,90.44722,5,1,-7,0,CX/ON
2043,1857,654,F,LAUNCH_WAIT,323.43,10.21,N,N,33.93,4.98,975,1857,5.33,23.803343,90.446089,5,6,-9,0,CX/ON
2043,1858,655,F,LAUNCH_WAIT,321.87,10.21,N,N,33.93,4.98,975.18,1858,4.93,23.805862,90.442995,4,3,-7,1,CX/ON
2043,1859,656,F,LAUNCH_WAIT,321.18,10.21,N,N,33.94,4.98,975.26,1859,4.54,23.818165,90.453846,4,-3,-4,1,CX/ON
2043,1860,657,F,LAUNCH_WAIT,320.6,10.21,N,N,33.94,4.98,975.33,1860,4.74,23.814636,90.453689,5,0,-9,9,CX/ON
2043,1861,658,F,LAUNCH_WAIT,318.94,10.21,N,N,33.94,4.98,975.52,1861,5.19,23.7958,90.456074,4,-1,-7,0,CX/ON
2043,1862,659,F,LAUNCH_WAIT,319.07,10.21,N,N,33.94,4.98,975.51,1862,4.57,23.799548,90.44939,5,-5,-9,0,CX/ON
2043,1863,660,F,LAUNCH_WAIT,318.46,10.21,N,N,33.94,4.98,975.58,1863,4.86,23.791494,90.432785,5,-1,-4,9,CX/ON
2043,1864,661,F,LAUNCH_WAIT,318.05,10.21,N,N,33.94,4.98,975.63,1864,4.57,23.806796,90.459,4,4,-11,12,CX/ON
2043,1865,662,F,LAUNCH_WAIT,315.67,10.21,N,N,33.94,4.98,975.9,1865,4.7,23.7972,90.457935,4,7,-8,0,CX/ON
2043,1866,663,F,LAUNCH_WAIT,315.7,10.21,N,N,33.94,4.98,975.9,1866,5.15,23.797874,90.457052,4,0,-4,1,CX/ON
2043,1867,664,F,LAUNCH_WAIT,315.47,10.21,N,N,33.94,4.98,975.93,1867,5.11,23.79881,90.456745,4,2,-7,1,CX/ON
2043,1868,665,F,LAUNCH_WAIT,314.93,10.21,N,N,33.94,4.98,975.99,1868,5.48,23.791694,90.435302,5,-3,-5,1,CX/ON
2043,1869,666,F,LAUNCH_WAIT,311.33,10.21,N,N,33.94,4.98,976.41,1869,5.05,23.803766,90.443943,4,-1,0,1,CX/ON
2043,1870,667,F,LAUNCH_WAIT,311.31,10.21,N,N,33.94,4.98,976.41,1870,5.38,23.806858,90.442962,5,6,-9,2,CX/ON
2043,1871,668,F,LAUNCH_WAIT,310.3,10.21,N,N,33.94,4.98,976.53,1871,4.77,23.804602,90.455,5,-2,-10,3,CX/ON
2043,1872,669,F,LAUNCH_WAIT,309.49,10.21,N,N,33.94,4.98,976.62,1872,5.15,23.813838,90.447076,4,2,-4,0,CX/ON
2043,1873,670,F,LAUNCH_WAIT,309.18,10.21,N,N,33.94,4.98,976.66,1873,5.39,23.817144,90.441702,4,1,-4,0,CX/ON
2043,1874,671,F,LAUNCH_WAIT,308.2,10.21,N,N,33.94,4.98,976.78,1874,5.37,23.797087,90.434498,5,1,-6,0,CX/ON
2043,1875,672,F,LAUNCH_WAIT,307.22,10.21,N,N,33.94,4.98,976.89,1875,4.87,23.80771,90.438935,5,2,-5,1,CX/ON
2043,1876,673,F,LAUNCH_WAIT,306.3,10.21,N,N,33.94,4.98,977,1876,4.84,23.809562,90.458016,5,8,0,-3,CX/ON
2043,1877,674,F,LAUNCH_WAIT,304.93,10.21,N,N,33.94,4.98,977.16,1877,4.87,23.808037,90.442774,4,1,-5,1,CX/ON
2043,1878,675,F,LAUNCH_WAIT,304.38,10.21,N,N,33.94,4.98,977.22,1878,5.09,23.799275,90.458144,5,2,-6,1,CX/ON
2043,1879,676,F,LAUNCH_WAIT,303.6,10.21,N,N,33.94,4.98,977.31,1879,5.06,23.818143,90.445803,4,2,-6,1,CX/ON
2043,1880,677,F,LAUNCH_WAIT,302.67,10.21,N,N,33.94,4.98,977.42,1880,5.03,23.815601,90.451079,5,2,-5,0,CX/ON
2043,1881,678,F,LAUNCH_WAIT,301.72,10.21,N,N,33.94,4.98,977.53,1881,5.18,23.816349,90.439323,5,2,-5,0,CX/ON
2043,1882,679,F,LAUNCH_WAIT,299.58,10.21,N,N,33.95,4.98,977.78,1882,5.28,23.792687,90.456427,5,2,-5,1,CX/ON
2043,1883,680,F,LAUNCH_WAIT,298.73,10.21,N,N,33.95,4.98,977.88,1883,5.41,23.803379,90.444818,5,-5,-10,10,CX/ON
2043,1884,681,F,LAUNCH_WAIT,296.54,10.21,N,N,33.95,4.98,978.14,1884,4.69,23.816836,90.438489,4,-6,6,3,CX/ON
2043,1885,682,F,LAUNCH_WAIT,295.16,10.21,N,N,33.95,4.98,978.3,1885,4.57,23.79671,90.456122,4,1,-3,1,CX/ON
2043,1886,683,F,LAUNCH_WAIT,292.37,10.21,N,N,33.95,4.98,978.62,1886,4.99,23.817754,90.453757,5,1,-4,1,CX/ON
2043,1887,684,F,LAUNCH_WAIT,291.91,10.21,N,N,33.95,4.98,978.68,1887,5.34,23.804916,90.447079,5,3,-5,0,CX/ON
2043,1888,685,F,LAUNCH_WAIT,291.32,10.21,N,N,33.95,4.98,978.74,1888,4.9,23.807498,90.449753,4,2,-5,0,CX/ON
2043,1889,686,F,LAUNCH_WAIT,290.02,10.21,N,N,33.95,4.98,978.9,1889,5.37,23.802504,90.44827,4,2,-5,0,CX/ON
2043,1890,687,F,LAUNCH_WAIT,288.52,10.21,N,N,33.95,4.98,979.07,1890,4.72,23.80972,90.445813,4,5,-6,7,CX/ON
2043,1891,688,F,LAUNCH_WAIT,286.7,10.21,N,N,33.95,4.98,979.29,1891,4.71,23.811498,90.439811,5,1,-5,0,CX/ON
2043,1892,689,F,LAUNCH_WAIT,284.96,10.21,N,N,33.95,4.98,979.49,1892,5.26,23.796862,90.459094,5,3,-12,3,CX/ON
2043,1893,690,F,LAUNCH_WAIT,283.62,10.21,N,N,33.95,4.98,979.65,1893,4.56,23.791244,90.457311,4,1,-3,1,CX/ON
2043,1894,691,F,LAUNCH_WAIT,282.25,10.21,N,N,33.95,4.98,979.81,1894,4.75,23.796249,90.448216,5,1,-5,1,CX/ON
2043,1895,692,F,LAUNCH_WAIT,280.65,10.21,N,N,33.95,4.98,979.99,1895,5.08,23.803987,90.45986,4,1,-4,1,CX/ON
2043,1896,693,F,LAUNCH_WAIT,279.5,10.21,N,N,33.95,4.98,980.13,1896,4.52,23.814612,90.446682,4,2,-4,0,CX/ON
2043,1897,694,F,LAUNCH_WAIT,278.53,10.21,N,N,33.95,4.98,980.24,1897,5.06,23.808022,90.435481,4,2,-5,0,CX/ON
2043,1898,695,F,LAUNCH_WAIT,277.35,10.21,N,N,33.95,4.98,980.38,1898,5.23,23.799535,90.459291,5,3,-5,0,CX/ON
2043,1899,696,F,LAUNCH_WAIT,276.11,10.21,N,N,33.95,4.98,980.52,1899,4.76,23.819065,90.446274,4,3,-6,1,CX/ON
2043,1900,697,F,LAUNCH_WAIT,274.81,10.21,N,N,33.95,4.98,980.68,1900,5.36,23.793518,90.446829,5,2,-5,1,CX/ON
2043,1901,698,F,LAUNCH_WAIT,273.37,10.21,N,N,33.95,4.98,980.84,1901,5.37,23.807976,90.43428,5,2,-5,0,CX/ON
2043,1902,699,F,LAUNCH_WAIT,271.95,10.21,N,N,33.95,4.98,981.01,1902,4.6,23.794272,90.45465,4,2,-5,0,CX/ON
2043,1903,700,F,LAUNCH_WAIT,270.31,10.21,N,N,33.95,4.98,981.2,1903,4.96,23.815762,90.433959,4,3,-5,1,CX/ON
2043,1904,701,F,LAUNCH_WAIT,268.74,10.21,N,N,33.95,4.98,981.39,1904,4.64,23.793515,90.439617,4,2,-5,0,CX/ON
2043,1905,702,F,LAUNCH_WAIT,267.26,10.21,N,N,33.95,4.98,981.56,1905,5.02,23.794374,90.451808,4,2,-5,0,CX/ON
2043,1906,703,F,LAUNCH_WAIT,265.53,10.21,N,N,33.95,4.98,981.76,1906,4.73,23.797077,90.44472,4,2,-5,0,CX/ON
2043,1907,704,F,LAUNCH_WAIT,264,10.21,N,N,33.95,4.98,981.94,1907,4.65,23.803685,90.447537,5,2,-5,1,CX/ON
2043,1908,705,F,LAUNCH_WAIT,262.43,10.21,N,N,33.95,4.98,982.12,1908,4.73,23.807993,90.443288,5,2,-5,1,CX/ON
2043,1909,706,F,LAUNCH_WAIT,260.93,10.21,N,N,33.95,4.98,982.3,1909,4.82,23.804555,90.446824,4,2,-5,0,CX/ON
2043,1910,707,F,LAUNCH_WAIT,259.33,10.21,N,N,33.95,4.98,982.49,1910,5.41,23.80833,90.449883,4,2,-5,1,CX/ON
2043,1911,708,F,LAUNCH_WAIT,257.7,10.21,N,N,33.95,4.98,982.68,1911,5.2,23.809405,90.44611,5,3,-5,1,CX/ON
2043,1912,709,F,LAUNCH_WAIT,256.18,10.21,N,N,33.95,4.98,982.86,1912,5.21,23.819937,90.43882,5,2,-7,0,CX/ON
2043,1913,710,F,LAUNCH_WAIT,254.55,10.21,N,N,33.95,4.98,983.05,1913,4.84,23.818888,90.44703,4,2,-4,-1,CX/ON
2043,1914,711,F,LAUNCH_WAIT,253.06,10.21,N,N,33.95,4.98,983.22,1914,5.13,23.812816,90.452048,5,1,-1,1,CX/ON
2043,1915,712,F,LAUNCH_WAIT,251.06,10.21,N,N,33.95,4.98,983.46,1915,5.06,23.802328,90.443723,4,0,-1,1,CX/ON
2043,1916,713,F,LAUNCH_WAIT,249.44,10.21,N,N,33.95,4.98,983.65,1916,4.59,23.804519,90.45677,4,0,-2,0,CX/ON
2043,1917,714,F,LAUNCH_WAIT,248.16,10.21,N,N,33.95,4.98,983.8,1917,4.52,23.798534,90.436506,4,0,-2,1,CX/ON
2043,1918,715,F,LAUNCH_WAIT,246.89,10.21,N,N,33.95,4.98,983.94,1918,5.31,23.798999,90.441915,5,2,-4,0,CX/ON
2043,1919,716,F,LAUNCH_WAIT,245.57,10.21,N,N,33.95,4.98,984.1,1919,4.79,23.793768,90.443987,4,1,-4,0,CX/ON
2043,1920,717,F,LAUNCH_WAIT,243.66,10.21,N,N,33.95,4.98,984.32,1920,4.7,23.797232,90.433009,4,0,-7,0,CX/ON
2043,1921,718,F,LAUNCH_WAIT,242.11,10.21,N,N,33.95,4.98,984.51,1921,4.83,23.799113,90.446628,4,3,-3,0,CX/ON
2043,1922,719,F,LAUNCH_WAIT,240.35,10.21,N,N,33.95,4.98,984.71,1922,5.31,23.808439,90.44485,4,4,-7,0,CX/ON
2043,1923,720,F,LAUNCH_WAIT,239.23,10.21,N,N,33.95,4.98,984.84,1923,5.11,23.794547,90.4495,5,1,-4,1,CX/ON
2043,1924,721,F,LAUNCH_WAIT,238.26,10.21,N,N,33.95,4.98,984.96,1924,5.5,23.809567,90.433673,4,7,-12,-6,CX/ON
2043,1925,722,F,LAUNCH_WAIT,234.8,10.21,N,N,33.95,4.98,985.36,1925,5.13,23.802975,90.443667,5,-20,-6,22,CX/ON
2043,1926,723,F,LAUNCH_WAIT,234.6,10.21,N,N,33.95,4.98,985.39,1926,5.24,23.803982,90.449347,5,2,-7,1,CX/ON
2043,1927,724,F,LAUNCH_WAIT,233.88,10.21,N,N,33.95,4.98,985.47,1927,5.28,23.805188,90.457987,4,1,-13,0,CX/ON
2043,1928,725,F,LAUNCH_WAIT,232.64,10.21,N,N,33.95,4.98,985.62,1928,4.63,23.80356,90.439974,5,2,-5,0,CX/ON
2043,1929,726,F,LAUNCH_WAIT,231.83,10.21,N,N,33.95,4.98,985.71,1929,4.76,23.792425,90.435038,4,-1,-3,0,CX/ON
2043,1930,727,F,LAUNCH_WAIT,230.96,10.21,N,N,33.95,4.98,985.82,1930,4.58,23.794526,90.454452,5,1,0,10,CX/ON
2043,1931,728,F,LAUNCH_WAIT,215.38,10.21,N,N,33.95,4.98,987.65,1931,5.32,23.796657,90.446534,4,6,-2,1,CX/ON
2043,1932,729,F,LAUNCH_WAIT,185.48,10.21,N,N,33.95,4.98,991.17,1932,5.5,23.79959,90.456556,4,5,-1,1,CX/ON
2043,1933,730,F,LAUNCH_WAIT,163.18,10.21,N,N,33.95,4.98,993.8,1933,5.03,23.792427,90.449885,4,0,-5,1,CX/ON
2043,1934,731,F,LAUNCH_WAIT,146.46,10.21,N,N,33.95,4.98,995.78,1934,5.49,23.796134,90.431133,5,13,5,0,CX/ON
2043,1935,732,F,LAUNCH_WAIT,134,10.21,N,N,33.95,4.98,997.26,1935,5.42,23.792169,90.447238,5,0,3,1,CX/ON
2043,1936,733,F,LAUNCH_WAIT,124.59,10.21,N,N,33.95,4.98,998.37,1936,4.83,23.794928,90.45677,5,7,8,16,CX/ON
2043,1937,734,F,LAUNCH_WAIT,117.56,10.21,N,N,33.95,4.98,999.21,1937,5.46,23.808518,90.456843,5,5,-16,-4,CX/ON
2043,1938,735,F,LAUNCH_WAIT,112.32,10.21,N,N,33.95,4.98,999.83,1938,5,23.802556,90.446355,4,12,-13,-2,CX/ON
2043,1939,736,F,LAUNCH_WAIT,108.39,10.21,N,N,33.95,4.98,1000.3,1939,4.72,23.807651,90.431126,4,9,-11,0,CX/ON
2043,1940,737,F,LAUNCH_WAIT,105.43,10.21,N,N,33.95,4.98,1000.65,1940,4.94,23.797466,90.445293,5,1,-3,-3,CX/ON
2043,1941,738,F,LAUNCH_WAIT,103.22,10.21,N,N,33.95,4.98,1000.91,1941,5.47,23.79636,90.439009,4,0,-4,1,CX/ON
2043,1942,739,F,LAUNCH_WAIT,101.54,10.21,N,N,33.95,4.98,1001.11,1942,5.22,23.808402,90.439431,5,3,-8,1,CX/ON
2043,1943,740,F,LAUNCH_WAIT,100.26,10.21,N,N,33.95,4.98,1001.27,1943,5.45,23.797865,90.447374,5,4,-2,-29,CX/ON
2043,1944,741,F,LAUNCH_WAIT,99.3,10.21,N,N,33.95,4.98,1001.38,1944,5.39,23.796758,90.454547,5,17,-6,25,CX/ON
2043,1945,742,F,LAUNCH_WAIT,98.78,10.21,N,N,33.95,4.98,1001.44,1945,4.86,23.807059,90.44751,5,6,0,-8,CX/ON
2043,1946,743,F,LAUNCH_WAIT,98.54,10.21,N,N,33.95,4.98,1001.47,1946,5.23,23.818749,90.449569,5,10,-1,-1,CX/ON
2043,1947,744,F,LAUNCH_WAIT,98.23,10.21,N,N,33.95,4.98,1001.51,1947,5.44,23.816807,90.441684,5,6,5,-1,CX/ON
2043,1948,745,F,LAUNCH_WAIT,97.97,10.21,N,N,33.95,4.98,1001.54,1948,4.75,23.795402,90.45756,5,5,4,0,CX/ON
2043,1949,746,F,LAUNCH_WAIT,97.85,10.21,N,N,33.95,4.98,1001.55,1949,4.84,23.793867,90.45718,5,4,8,6,CX/ON
2043,1950,747,F,LAUNCH_WAIT,97.87,10.21,N,N,33.95,4.98,1001.55,1950,5.22,23.797506,90.43278,4,1,3,-13,CX/ON
2043,1951,748,F,LAUNCH_WAIT,97.89,10.21,N,N,33.95,4.98,1001.55,1951,5.44,23.80961,90.452585,4,28,10,2,CX/ON
2043,1952,749,F,LAUNCH_WAIT,97.87,10.21,N,N,33.95,4.98,1001.55,1952,4.61,23.804702,90.448636,5,20,-2,-3,CX/ON
2043,1953,750,F,LAUNCH_WAIT,97.85,10.21,N,N,33.95,4.98,1001.55,1953,5.06,23.807654,90.445858,4,25,1,-17,CX/ON
2043,1954,751,F,LAUNCH_WAIT,97.8,10.21,N,N,33.95,4.98,1001.56,1954,5.09,23.819937,90.45582,5,28,-3,-16,CX/ON
2043,1955,752,F,LAUNCH_WAIT,97.77,10.21,N,N,33.95,4.98,1001.56,1955,5.07,23.798792,90.436512,5,76,10,2,CX/ON
2043,1956,753,F,LAUNCH_WAIT,97.77,10.21,N,N,33.95,4.98,1001.56,1956,4.94,23.798918,90.447355,5,72,7,-4,CX/ON
2043,1957,754,F,LAUNCH_WAIT,97.72,10.21,N,N,33.95,4.98,1001.57,1957,4.54,23.793693,90.45267,5,77,10,11,CX/ON
2043,1958,755,F,LAUNCH_WAIT,97.73,10.21,N,N,33.95,4.98,1001.57,1958,4.6,23.812678,90.456706,5,66,14,-20,CX/ON
2043,1959,756,F,LAUNCH_WAIT,97.78,10.21,N,N,33.95,4.98,1001.56,1959,5.37,23.808918,90.444827,4,70,14,-9,CX/ON
2043,1960,757,F,LAUNCH_WAIT,97.71,10.21,N,N,33.94,4.98,1001.57,1960,4.83,23.804153,90.44815,4,70,-3,6,CX/ON
2043,1961,758,F,LAUNCH_WAIT,97.64,10.21,N,N,33.95,4.98,1001.58,1961,5.43,23.79869,90.442492,4,43,8,42,CX/ON
2043,1962,759,F,LAUNCH_WAIT,97.57,10.21,N,N,33.95,4.98,1001.59,1962,5.1,23.797053,90.438787,5,20,6,19,CX/ON
2043,1963,760,F,LAUNCH_WAIT,97.64,10.21,N,N,33.94,4.98,1001.58,1963,4.65,23.803789,90.452167,5,11,4,17,CX/ON
2043,1964,761,F,LAUNCH_WAIT,97.67,10.21,N,N,33.94,4.98,1001.57,1964,4.87,23.802714,90.458141,4,9,5,5,CX/ON
2043,1965,762,F,LAUNCH_WAIT,97.71,10.21,N,N,33.94,4.98,1001.57,1965,5.28,23.806808,90.449421,5,8,2,0,CX/ON
2043,1966,763,F,LAUNCH_WAIT,97.78,10.21,N,N,33.94,4.98,1001.56,1966,4.87,23.797299,90.44821,4,7,1,0,CX/ON
2043,1967,764,F,LAUNCH_WAIT,97.7,10.21,N,N,33.94,4.98,1001.57,1967,5.03,23.807689,90.436693,4,7,0,0,CX/ON
2043,1968,765,F,LAUNCH_WAIT,97.73,10.21,N,N,33.94,4.98,1001.57,1968,5.11,23.801807,90.44711,4,5,-1,1,CX/ON
2043,1969,766,F,LAUNCH_WAIT,97.75,10.21,N,N,33.94,4.98,1001.56,1969,5.03,23.791143,90.439721,4,5,0,0,CX/ON
2043,1970,767,F,LAUNCH_WAIT,97.68,10.21,N,N,33.94,4.98,1001.57,1970,4.94,23.807576,90.4419,4,6,-1,3,CX/ON
2043,1971,768,F,LAUNCH_WAIT,97.71,10.21,N,N,33.94,4.98,1001.57,1971,4.71,23.802489,90.445371,5,4,0,1,CX/ON
2043,1972,769,F,LAUNCH_WAIT,97.69,10.21,N,N,33.94,4.98,1001.57,1972,5.49,23.799749,90.437615,5,6,-4,6,CX/ON
2043,1973,770,F,LAUNCH_WAIT,97.72,10.21,N,N,33.94,4.98,1001.57,1973,4.63,23.811434,90.45682,4,55,20,17,CX/ON
2043,1974,771,F,LAUNCH_WAIT,97.61,10.21,N,N,33.94,4.98,1001.58,1974,4.92,23.814401,90.44927,4,31,1,-37,CX/ON
2043,1975,772,F,LAUNCH_WAIT,97.62,10.21,N,N,33.94,4.98,1001.58,1975,4.97,23.806193,90.45266,5,18,22,-34,CX/ON
2043,1976,773,F,LAUNCH_WAIT,97.61,10.21,N,N,33.94,4.98,1001.58,1976,4.66,23.798423,90.442982,4,25,4,11,CX/ON
2043,1977,774,F,LAUNCH_WAIT,97.63,10.21,N,N,33.94,4.98,1001.58,1977,5.47,23.793288,90.441033,4,25,28,14,CX/ON
2043,1978,775,F,LAUNCH_WAIT,97.52,10.21,N,N,33.94,4.98,1001.59,1978,4.81,23.79413,90.443242,4,-3,18,-55,CX/ON
2043,1979,776,F,LAUNCH_WAIT,97.51,10.21,N,N,33.94,4.98,1001.59,1979,5.05,23.80877,90.43171,5,0,17,12,CX/ON
2043,1980,777,F,LAUNCH_WAIT,97.45,10.21,N,N,33.94,4.98,1001.6,1980,4.78,23.796596,90.432292,4,-7,15,32,CX/ON
2043,1981,778,F,LAUNCH_WAIT,97.5,10.21,N,N,33.94,4.98,1001.59,1981,4.74,23.80563,90.437131,5,1,14,-4,CX/ON
2043,1982,779,F,LAUNCH_WAIT,97.53,10.21,N,N,33.94,4.98,1001.59,1982,5.3,23.811685,90.45695,5,-7,17,7,CX/ON
2043,1983,780,F,LAUNCH_WAIT,97.55,10.21,N,N,33.94,4.98,1001.59,1983,5.19,23.811552,90.45927,4,-8,13,8,CX/ON
2043,1984,781,F,LAUNCH_WAIT,97.49,10.21,N,N,33.93,4.98,1001.59,1984,4.64,23.809439,90.441387,5,-8,19,-8,CX/ON
2043,1985,782,F,LAUNCH_WAIT,97.52,10.21,N,N,33.93,4.98,1001.59,1985,4.53,23.804338,90.452734,4,-8,18,-1,CX/ON
2043,1986,783,F,LAUNCH_WAIT,97.5,10.21,N,N,33.93,4.98,1001.59,1986,5.3,23.797524,90.455887,5,-9,19,0,CX/ON
2043,1987,784,F,LAUNCH_WAIT,97.52,10.21,N,N,33.93,4.98,1001.59,1987,4.56,23.794582,90.436893,4,-10,10,77,CX/ON
2043,1988,785,F,LAUNCH_WAIT,97.45,10.21,N,N,33.93,4.98,1001.6,1988,4.92,23.809645,90.439008,4,-16,13,7,CX/ON
2043,1989,786,F,LAUNCH_WAIT,97.41,10.21,N,N,33.93,4.98,1001.6,1989,4.62,23.809894,90.45782,5,-7,0,17,CX/ON
2043,1990,787,F,LAUNCH_WAIT,97.34,10.21,N,N,33.93,4.98,1001.61,1990,5.23,23.814281,90.44114,5,-5,8,11,CX/ON
2043,1991,788,F,LAUNCH_WAIT,97.35,10.21,N,N,33.93,4.98,1001.61,1991,4.6,23.801376,90.442989,5,-10,15,-20,CX/ON
2043,1992,789,F,LAUNCH_WAIT,97.4,10.21,N,N,33.93,4.98,1001.61,1992,5.18,23.799592,90.447623,4,-23,29,10,CX/ON
2043,1993,790,F,LAUNCH_WAIT,97.49,10.21,N,N,33.93,4.98,1001.6,1993,4.76,23.799737,90.45933,5,-4,50,-46,CX/ON
2043,1994,791,F,LAUNCH_WAIT,97.54,10.21,N,N,33.93,4.98,1001.59,1994,5.4,23.794639,90.448605,5,-18,51,-12,CX/ON
2043,1995,792,F,LAUNCH_WAIT,97.47,10.21,N,N,33.92,4.98,1001.6,1995,5.48,23.804253,90.443857,5,-5,68,-2,CX/ON
2043,1996,793,F,LAUNCH_WAIT,97.46,10.21,N,N,33.92,4.98,1001.6,1996,5.46,23.797155,90.431748,5,-21,48,-21,CX/ON
2043,1997,794,F,LAUNCH_WAIT,97.45,10.21,N,N,33.92,4.98,1001.6,1997,4.77,23.809672,90.452109,4,-9,62,-1,CX/ON
2043,1998,795,F,LAUNCH_WAIT,97.54,10.21,N,N,33.92,4.98,1001.59,1998,4.91,23.806776,90.448339,4,-14,65,-17,CX/ON
2043,1999,796,F,LAUNCH_WAIT,97.57,10.21,N,N,33.92,4.98,1001.59,1999,5.27,23.791058,90.444382,5,-19,28,14,CX/ON
2043,2000,797,F,LAUNCH_WAIT,97.64,10.21,N,N,33.92,4.98,1001.58,2000,4.88,23.805408,90.44278,4,-22,34,-3,CX/ON
2043,2001,798,F,LAUNCH_WAIT,97.65,10.21,N,N,33.92,4.98,1001.58,2001,5.11,23.797791,90.431705,5,4,22,38,CX/ON
2043,2002,799,F,LAUNCH_WAIT,97.66,10.21,N,N,33.92,4.98,1001.58,2002,5.18,23.817738,90.445589,5,-13,11,-22,CX/ON
2043,2003,800,F,LAUNCH_WAIT,97.64,10.21,N,N,33.92,4.98,1001.58,2003,4.7,23.807795,90.448325,5,15,3,-3,CX/ON
